,idGame,Date,Referee,Id_Team_Home,Id_Team_Away,nWeekHome,nWeekAway,year,Goals_H,Goals_A,Prob_H_last_3,Prob_D_last_3,Prob_A_last_3,Prob_H_last_6,Prob_D_last_6,Prob_A_last_6,Prob_H_last_10,Prob_D_last_10,Prob_A_last_10,Prob_H_last_infinity,Prob_D_last_infinity,Prob_A_last_infinity,Average_H,Std_dev_H,Average_D,Std_dev_D,Average_A,Std_dev_A,Average_>2.5,Std_dev_>2.5,Average_<2.5,Std_dev_<2.5,Diff_H_last_3,Diff_D_last_3,Diff_A_last_3,Diff_H_last_6,Diff_D_last_6,Diff_A_last_6,Diff_H_last_10,Diff_D_last_10,Diff_A_last_10,Diff_H_last_infinity,Diff_D_last_infinity,Diff_A_last_infinity
70,Liverpool_Leicester_2019,2019-10-05,C Kavanagh,10,27,8,8,2019,2,1,66.545,19.839,13.1,,,,,,,65.284,20.504,13.771,68.812,0.645,21.381,0.393,14.25,0.669,62.522,1.658,41.844,0.495,-2.267,-1.542,-1.15,,,,,,,-3.528,-0.877,-0.479
71,Burnley_Everton_2019,2019-10-05,G Scott,11,8,8,8,2019,1,0,74.125,20.718,4.959,,,,,,,73.021,21.589,5.222,34.434,0.643,30.446,0.406,39.686,0.384,47.174,0.629,57.003,1.608,39.691,-9.728,-34.727,,,,,,,38.587,-8.857,-34.464
72,Watford_Sheffield United_2019,2019-10-05,A Marriner,39,15,8,8,2019,0,0,3.4,7.806,82.631,,,,,,,3.209,7.577,82.905,47.119,1.145,29.517,0.398,28.021,0.881,49.51,0.693,54.374,1.672,-43.719,-21.711,54.61,,,,,,,-43.91,-21.94,54.884
73,Norwich_Aston Villa_2019,2019-10-05,A Madley,14,21,8,8,2019,1,5,68.734,11.191,10.604,,,,,,,68.304,11.816,11.485,42.035,0.956,27.576,0.307,35.187,0.831,62.903,1.119,41.258,1.323,26.699,-16.385,-24.583,,,,,,,26.269,-15.76,-23.702
74,West Ham_Crystal Palace_2019,2019-10-05,M Oliver,5,24,8,8,2019,1,2,55.465,24.593,19.786,,,,,,,54.073,25.171,20.626,50.345,0.751,27.912,0.405,26.359,0.503,54.805,1.062,49.155,1.196,5.12,-3.319,-6.573,,,,,,,3.728,-2.741,-5.733
75,Brighton_Tottenham_2019,2019-10-05,J Moss,18,6,8,8,2019,3,0,17.768,23.626,58.404,,,,,,,17.033,23.449,59.309,25.791,0.443,27.564,0.338,51.293,0.832,57.479,0.934,46.745,1.236,-8.023,-3.938,7.111,,,,,,,-8.758,-4.115,8.016
76,Man City_Wolves_2019,2019-10-06,C Pawson,3,4,8,8,2019,0,2,83.412,5.736,2.099,,,,,,,83.412,5.736,2.099,89.159,0.784,10.896,0.335,4.669,0.623,72.479,1.486,31.448,0.28,-5.747,-5.16,-2.57,,,,,,,-5.747,-5.16,-2.57
77,Newcastle_Man United_2019,2019-10-06,M Dean,9,13,8,8,2019,1,0,17.207,59.175,23.618,,,,,,,17.207,59.175,23.618,22.51,0.347,29.118,0.456,52.966,0.781,45.149,0.432,59.022,1.724,-5.303,30.057,-29.348,,,,,,,-5.303,30.057,-29.348
78,Arsenal_Bournemouth_2019,2019-10-06,M Atkinson,31,17,8,8,2019,1,0,35.56,18.33,43.35,,,,,,,35.56,18.33,43.35,69.449,0.61,20.262,0.546,15.013,1.075,74.359,1.173,29.369,0.061,-33.889,-1.932,28.337,,,,,,,-33.889,-1.932,28.337
79,Southampton_Chelsea_2019,2019-10-06,P Tierney,12,30,8,8,2019,1,4,9.376,9.987,67.746,,,,,,,9.376,9.987,67.746,24.859,0.362,26.245,0.545,53.718,0.383,58.31,0.24,46.032,2.245,-15.483,-16.258,14.028,,,,,,,-15.483,-16.258,14.028
80,Bournemouth_Norwich_2019,2019-10-19,L Mason,17,14,9,9,2019,0,0,89.26,9.743,0.0,,,,,,,83.664,11.406,3.309,58.031,0.548,23.649,0.877,22.991,0.57,70.926,0.711,32.796,0.76,31.229,-13.906,-22.991,,,,,,,25.633,-12.243,-19.682
81,Chelsea_Newcastle_2019,2019-10-19,A Marriner,30,9,9,9,2019,1,0,76.856,14.006,7.431,,,,,,,73.309,16.003,9.48,76.928,0.643,17.944,0.372,9.649,0.642,62.903,1.119,41.422,1.092,-0.072,-3.938,-2.218,,,,,,,-3.619,-1.941,-0.169
82,Wolves_Southampton_2019,2019-10-19,P Bankes,4,12,9,9,2019,1,1,10.938,19.492,69.092,,,,,,,29.884,26.804,43.24,54.357,0.793,28.294,0.43,22.023,0.577,46.851,1.086,57.318,1.161,-43.419,-8.802,47.069,,,,,,,-24.473,-1.49,21.217
83,Aston Villa_Brighton_2019,2019-10-19,D Coote,21,18,9,9,2019,2,1,78.625,21.264,0.0,,,,,,,47.777,32.504,19.704,42.197,0.405,29.407,0.573,32.992,0.529,55.1,0.644,48.923,1.522,36.428,-8.143,-32.992,,,,,,,5.58,3.097,-13.288
84,Leicester_Burnley_2019,2019-10-19,J Moss,27,11,9,9,2019,2,1,76.641,14.168,7.543,,,,,,,76.045,16.349,6.859,64.105,0.45,24.726,0.33,15.694,0.675,51.316,1.861,52.357,0.388,12.536,-10.558,-8.151,,,,,,,11.94,-8.377,-8.835
85,Crystal Palace_Man City_2019,2019-10-19,A Taylor,24,3,9,9,2019,0,2,51.595,29.12,19.245,,,,,,,33.48,38.678,27.841,8.247,0.893,15.035,0.542,81.419,0.873,68.506,1.327,35.664,0.989,43.348,14.085,-62.174,,,,,,,25.233,23.643,-53.578
86,Tottenham_Watford_2019,2019-10-19,C Kavanagh,6,39,9,9,2019,1,1,83.391,2.184,0.299,,,,,,,86.235,2.754,0.344,70.601,1.021,20.685,0.886,13.242,0.713,65.147,0.3,38.939,1.5,12.79,-18.501,-12.943,,,,,,,15.634,-17.931,-12.898
87,Everton_West Ham_2019,2019-10-19,P Tierney,8,5,9,9,2019,2,0,6.81,11.968,78.097,,,,,,,12.099,19.386,67.968,51.023,0.432,27.147,0.57,26.402,0.419,57.479,0.934,46.745,1.236,-44.213,-15.179,51.695,,,,,,,-38.924,-7.761,41.566
88,Man United_Liverpool_2019,2019-10-20,M Atkinson,13,10,9,9,2019,1,1,4.519,24.14,71.248,,,,,,,16.205,31.342,52.43,19.769,0.676,25.43,0.72,59.66,1.148,57.003,1.608,47.174,0.629,-15.25,-1.29,11.588,,,,,,,-3.564,5.912,-7.23
89,Sheffield United_Arsenal_2019,2019-10-21,M Dean,15,31,9,9,2019,1,0,10.832,28.841,60.285,,,,,,,16.358,35.69,47.945,25.801,0.426,26.574,0.227,52.271,0.627,59.36,1.246,44.949,0.714,-14.969,2.267,8.014,,,,,,,-9.443,9.116,-4.326
90,Southampton_Leicester_2019,2019-10-25,A Marriner,12,27,10,10,2019,0,9,14.136,21.102,64.387,,,,,,,13.469,20.977,65.181,31.34,0.579,29.945,0.437,42.991,0.755,49.39,0.862,54.659,1.267,-17.204,-8.843,21.396,,,,,,,-17.871,-8.968,22.19
91,Man City_Aston Villa_2019,2019-10-26,G Scott,3,21,10,10,2019,3,0,73.349,8.647,6.413,,,,,,,67.83,9.322,8.463,92.603,1.092,8.657,0.491,3.683,0.412,82.65,0.966,21.429,2.356,-19.254,-0.01,2.73,,,,,,,-24.773,0.665,4.78
92,Brighton_Everton_2019,2019-10-26,A Madley,18,8,10,10,2019,3,2,71.776,22.534,5.55,,,,,,,61.327,32.267,6.386,34.93,0.471,30.354,0.404,39.095,0.577,48.923,1.522,55.1,0.644,36.846,-7.82,-33.545,,,,,,,26.397,1.913,-32.709
93,Burnley_Chelsea_2019,2019-10-26,M Oliver,11,30,10,10,2019,2,4,8.571,12.156,75.063,,,,,,,44.353,20.927,33.928,21.973,0.274,24.99,0.557,57.529,0.441,59.882,0.507,44.279,1.662,-13.402,-12.834,17.534,,,,,,,22.38,-4.063,-23.601
94,Watford_Bournemouth_2019,2019-10-26,M Dean,39,17,10,10,2019,0,0,21.687,23.512,54.57,,,,,,,8.856,15.91,74.093,45.773,0.578,28.213,0.368,30.488,0.757,58.856,1.958,45.25,0.29,-24.086,-4.701,24.082,,,,,,,-36.917,-12.303,43.605
95,West Ham_Sheffield United_2019,2019-10-26,D Coote,5,15,10,10,2019,1,1,29.913,38.605,31.481,,,,,,,11.681,22.459,65.643,47.628,0.718,28.836,0.337,27.834,0.405,52.223,0.578,51.568,1.504,-17.715,9.769,3.647,,,,,,,-35.947,-6.377,37.809
96,Newcastle_Wolves_2019,2019-10-27,K Friend,9,4,10,10,2019,1,1,29.987,47.536,22.477,,,,,,,17.455,51.851,30.694,33.363,0.672,32.599,0.57,38.79,0.479,39.157,1.192,64.938,0.596,-3.376,14.937,-16.313,,,,,,,-15.908,19.252,-8.096
97,Arsenal_Crystal Palace_2019,2019-10-27,M Atkinson,31,24,10,10,2019,2,2,59.269,18.911,20.61,,,,,,,63.565,19.601,16.133,67.969,1.243,21.464,0.336,15.354,0.668,64.731,0.889,39.455,0.77,-8.7,-2.553,5.256,,,,,,,-4.404,-1.863,0.779
98,Liverpool_Tottenham_2019,2019-10-27,A Taylor,10,6,10,10,2019,2,1,80.275,7.461,3.805,,,,,,,76.055,6.803,4.079,65.586,0.971,22.637,0.318,16.339,0.652,64.527,1.177,39.608,0.555,14.689,-15.176,-12.534,,,,,,,10.469,-15.834,-12.26
99,Norwich_Man United_2019,2019-10-27,S Attwell,14,13,10,10,2019,1,3,54.957,25.063,19.846,,,,,,,52.479,23.637,23.655,23.159,0.217,25.531,0.541,56.037,0.987,59.19,1.486,45.049,0.574,31.798,-0.468,-36.191,,,,,,,29.32,-1.894,-32.382
100,Watford_Chelsea_2019,2019-11-02,A Taylor,39,30,11,11,2019,1,2,8.413,15.555,74.833,,,,,,,3.05,5.877,77.627,20.0,0.698,23.778,0.411,60.801,0.868,60.468,2.325,43.573,0.134,-11.587,-8.223,14.032,,,,,,,-16.95,-17.901,16.826
101,West Ham_Newcastle_2019,2019-11-02,S Attwell,5,9,11,11,2019,2,3,83.574,12.319,2.966,,,,,,,61.756,22.279,15.681,56.133,0.615,26.472,0.408,22.015,0.879,54.805,1.062,49.155,1.196,27.441,-14.153,-19.049,,,,,,,5.623,-4.193,-6.334
102,Brighton_Norwich_2019,2019-11-02,K Friend,18,14,11,11,2019,2,0,84.114,15.58,0.0,,,,,,,81.195,15.481,2.826,58.835,0.92,24.117,0.579,21.636,1.259,60.061,0.255,44.004,2.052,25.279,-8.537,-21.636,,,,,,,22.36,-8.636,-18.81
103,Sheffield United_Burnley_2019,2019-11-02,S Hooper,15,11,11,11,2019,3,0,15.011,43.141,41.847,,,,,,,25.599,38.046,36.353,44.358,0.813,31.237,0.339,29.018,0.382,42.66,1.158,61.359,1.065,-29.347,11.904,12.829,,,,,,,-18.759,6.809,7.335
104,Man City_Southampton_2019,2019-11-02,L Mason,3,12,11,11,2019,2,1,74.457,16.852,7.941,,,,,,,77.223,13.888,7.189,93.031,0.908,8.359,0.643,3.43,0.823,82.306,0.479,21.835,1.781,-18.574,8.493,4.511,,,,,,,-15.808,5.529,3.759
105,Aston Villa_Liverpool_2019,2019-11-02,J Moss,21,10,11,11,2019,1,2,17.737,32.631,49.616,,,,,,,13.267,26.132,60.513,11.57,0.689,18.977,0.919,74.264,0.756,68.736,1.002,35.543,1.161,6.167,13.654,-24.648,,,,,,,1.697,7.155,-13.751
106,Arsenal_Wolves_2019,2019-11-02,M Oliver,31,4,11,11,2019,1,1,20.477,26.515,52.922,,,,,,,34.373,26.026,39.508,56.662,0.563,26.6,0.362,21.366,0.749,57.16,1.386,46.958,0.935,-36.185,-0.085,31.556,,,,,,,-22.289,-0.574,18.142
107,Bournemouth_Man United_2019,2019-11-02,C Kavanagh,17,13,11,11,2019,1,0,48.349,28.198,23.403,,,,,,,33.419,28.93,37.619,30.147,0.639,28.175,0.435,46.37,0.347,52.494,0.195,51.191,2.037,18.202,0.023,-22.967,,,,,,,3.272,0.755,-8.751
108,Everton_Tottenham_2019,2019-11-03,M Atkinson,8,6,11,11,2019,1,1,47.997,27.055,24.878,,,,,,,50.973,21.798,26.742,36.843,0.679,28.784,0.51,39.022,0.69,57.641,0.705,46.641,1.384,11.154,-1.729,-14.144,,,,,,,14.13,-6.986,-12.28
109,Crystal Palace_Leicester_2019,2019-11-03,P Tierney,24,27,11,11,2019,0,2,5.627,12.027,80.007,,,,,,,14.86,29.428,55.675,28.687,0.471,29.68,0.487,46.52,0.685,48.474,2.158,55.556,0.0,-23.06,-17.653,33.487,,,,,,,-13.827,-0.252,9.155
110,Norwich_Watford_2019,2019-11-08,A Marriner,14,39,12,12,2019,0,2,78.219,8.467,5.042,,,,,,,77.693,10.236,6.407,37.627,0.662,28.266,0.357,38.592,0.559,59.36,1.246,44.754,0.991,40.592,-19.799,-33.55,,,,,,,40.066,-18.03,-32.185
111,Burnley_West Ham_2019,2019-11-09,K Friend,11,5,12,12,2019,3,0,54.011,27.713,18.216,,,,,,,35.605,26.882,37.446,44.218,0.395,28.385,0.305,32.037,0.874,59.706,0.756,44.561,1.263,9.793,-0.672,-13.821,,,,,,,-8.613,-1.503,5.409
112,Chelsea_Crystal Palace_2019,2019-11-09,M Dean,30,24,12,12,2019,2,0,66.881,20.575,12.161,,,,,,,54.056,24.729,21.063,75.096,0.425,19.083,0.5,10.664,0.556,62.903,1.119,41.422,1.092,-8.215,1.492,1.497,,,,,,,-21.04,5.646,10.399
113,Tottenham_Sheffield United_2019,2019-11-09,G Scott,6,15,12,12,2019,1,1,25.6,46.844,27.555,,,,,,,41.977,32.719,25.293,63.769,0.741,24.245,0.597,16.508,0.614,54.805,1.062,49.155,1.196,-38.169,22.599,11.047,,,,,,,-21.792,8.474,8.785
114,Southampton_Everton_2019,2019-11-09,P Tierney,12,8,12,12,2019,1,2,4.39,7.282,76.749,,,,,,,20.055,23.622,56.108,33.806,0.931,29.576,0.434,41.071,0.398,51.568,1.504,52.089,0.767,-29.416,-22.294,35.678,,,,,,,-13.751,-5.954,15.037
115,Newcastle_Bournemouth_2019,2019-11-09,M Atkinson,9,17,12,12,2019,2,1,19.711,62.954,17.335,,,,,,,24.172,46.17,29.658,38.135,0.85,31.178,0.579,35.384,0.512,48.148,2.619,55.868,0.441,-18.424,31.776,-18.049,,,,,,,-13.963,14.992,-5.726
116,Leicester_Arsenal_2019,2019-11-09,C Kavanagh,27,31,12,12,2019,2,0,79.378,13.578,5.643,,,,,,,76.546,16.349,6.407,50.638,0.579,26.428,0.495,27.56,0.899,62.903,1.119,41.422,1.092,28.74,-12.85,-21.917,,,,,,,25.908,-10.079,-21.153
117,Man United_Brighton_2019,2019-11-10,J Moss,13,18,12,12,2019,3,1,51.002,41.781,7.214,,,,,,,65.921,23.366,10.554,60.522,1.674,27.084,0.53,16.987,1.031,50.0,0.0,53.819,2.455,-9.52,14.697,-9.773,,,,,,,5.399,-3.718,-6.433
118,Liverpool_Man City_2019,2019-11-10,M Oliver,10,3,12,12,2019,3,1,42.212,21.384,35.751,,,,,,,30.617,19.936,48.275,39.31,0.903,27.834,0.405,37.687,1.006,60.795,0.784,43.388,2.922,2.902,-6.45,-1.936,,,,,,,-8.693,-7.898,10.588
119,Wolves_Aston Villa_2019,2019-11-10,A Taylor,4,21,12,12,2019,2,1,23.917,15.044,52.648,,,,,,,39.772,20.871,38.523,53.29,0.498,27.917,0.584,23.456,0.512,53.343,1.006,50.47,3.056,-29.373,-12.873,29.192,,,,,,,-13.518,-7.046,15.067
120,Bournemouth_Wolves_2019,2019-11-23,S Hooper,17,4,13,13,2019,1,2,19.794,43.604,36.6,29.899,30.58,39.502,,,,29.318,31.564,39.103,35.614,0.479,30.261,0.38,38.697,0.773,48.923,1.522,55.1,0.644,-15.82,13.343,-2.097,-5.715,0.319,0.805,,,,-6.296,1.303,0.406
121,Arsenal_Southampton_2019,2019-11-23,S Attwell,31,12,13,13,2019,2,2,51.837,27.638,20.465,51.343,24.291,24.184,,,,50.266,25.206,24.396,68.737,0.818,21.233,0.498,14.701,0.542,68.506,1.327,35.85,0.727,-16.9,6.405,5.764,-17.394,3.058,9.483,,,,-18.471,3.973,9.695
122,Watford_Burnley_2019,2019-11-23,P Tierney,39,11,13,13,2019,0,3,25.633,46.843,27.523,23.564,28.112,48.273,,,,23.216,29.041,47.705,42.897,0.688,30.157,0.466,31.556,0.63,49.038,1.36,54.952,0.854,-17.264,16.686,-4.033,-19.333,-2.045,16.717,,,,-19.681,-1.116,16.149
123,Everton_Norwich_2019,2019-11-23,A Taylor,8,14,13,13,2019,0,2,66.905,33.08,0.0,78.326,18.273,3.124,,,,76.688,19.838,3.272,72.217,1.134,20.097,0.628,12.54,0.988,64.527,1.177,39.531,0.663,-5.312,12.983,-12.54,6.109,-1.824,-9.416,,,,4.471,-0.259,-9.268
124,Brighton_Leicester_2019,2019-11-23,M Dean,18,27,13,13,2019,0,2,20.311,21.135,58.04,17.17,21.005,61.362,,,,17.144,21.762,60.735,26.996,0.416,28.473,0.581,49.031,0.833,52.223,0.578,51.568,1.504,-6.685,-7.338,9.009,-9.826,-7.468,12.331,,,,-9.852,-6.711,11.704
125,Man City_Chelsea_2019,2019-11-23,M Atkinson,3,30,13,13,2019,2,1,19.632,18.124,60.692,62.093,10.671,11.851,,,,63.581,11.349,12.536,69.288,0.588,20.242,1.018,15.03,0.684,71.175,0.358,32.59,1.051,-49.656,-2.118,45.662,-7.195,-9.571,-3.179,,,,-5.707,-8.893,-2.494
126,West Ham_Tottenham_2019,2019-11-23,M Oliver,5,6,13,13,2019,2,3,52.342,24.377,23.105,40.921,22.106,36.499,,,,40.247,22.778,36.622,23.263,0.46,24.231,1.042,57.104,1.043,64.325,1.463,39.685,0.445,29.079,0.146,-33.999,17.658,-2.125,-20.605,,,,16.984,-1.453,-20.482
127,Crystal Palace_Liverpool_2019,2019-11-23,K Friend,24,10,13,13,2019,1,2,7.609,27.884,64.458,9.35,30.729,59.894,,,,9.254,32.041,58.685,13.261,0.446,21.705,0.729,69.699,1.019,59.706,0.756,44.466,1.397,-5.652,6.179,-5.241,-3.911,9.024,-9.805,,,,-4.007,10.336,-11.014
128,Sheffield United_Man United_2019,2019-11-24,A Marriner,15,13,13,13,2019,3,3,48.286,41.013,10.698,41.167,39.192,19.638,,,,39.868,41.28,18.851,28.044,0.476,30.36,0.639,46.378,0.769,45.558,0.147,58.692,2.191,20.242,10.653,-35.68,13.123,8.832,-26.74,,,,11.824,10.92,-27.527
129,Aston Villa_Newcastle_2019,2019-11-25,L Mason,21,9,13,13,2019,2,0,67.764,15.454,14.105,61.229,20.736,17.519,,,,63.013,20.691,15.821,47.664,0.653,29.007,0.501,27.917,0.584,51.957,0.954,51.697,1.322,20.1,-13.553,-13.812,13.565,-8.271,-10.398,,,,15.349,-8.316,-12.096
130,Southampton_Watford_2019,2019-11-30,M Oliver,12,39,14,14,2019,2,1,1.615,5.078,84.21,22.858,22.386,54.402,,,,23.804,22.914,52.983,47.434,0.452,28.767,0.362,28.281,0.452,51.826,1.139,51.826,1.139,-45.819,-23.689,55.929,-24.576,-6.381,26.121,,,,-23.63,-5.853,24.702
131,Liverpool_Brighton_2019,2019-11-30,M Atkinson,10,18,14,14,2019,2,1,84.046,6.435,2.352,81.568,9.05,4.323,,,,81.957,8.835,4.09,83.341,0.879,14.808,0.634,6.735,0.828,68.506,1.327,35.975,0.549,0.705,-8.373,-4.383,-1.773,-5.758,-2.412,,,,-1.384,-5.973,-2.645
132,Chelsea_West Ham_2019,2019-11-30,J Moss,30,5,14,14,2019,0,1,90.705,7.684,0.0,55.382,27.085,17.461,,,,56.111,27.018,16.798,77.522,0.538,16.863,0.293,10.345,0.736,71.175,0.358,32.848,0.687,13.183,-9.179,-10.345,-22.14,10.222,7.116,,,,-21.411,10.155,6.453
133,Tottenham_Bournemouth_2019,2019-11-30,L Mason,6,17,14,14,2019,3,2,49.914,39.863,10.219,55.382,25.586,18.92,,,,56.137,25.529,18.22,72.565,1.073,19.131,0.624,12.709,0.724,65.359,0.0,38.797,1.701,-22.651,20.732,-2.49,-17.183,6.455,6.211,,,,-16.428,6.398,5.511
134,Burnley_Crystal Palace_2019,2019-11-30,P Bankes,11,24,14,14,2019,0,2,56.225,20.232,22.742,63.93,19.778,15.654,,,,64.771,19.606,14.979,43.455,0.656,30.967,0.497,30.217,0.442,44.851,0.853,59.36,1.246,12.77,-10.735,-7.475,20.475,-11.189,-14.563,,,,21.316,-11.361,-15.238
135,Newcastle_Man City_2019,2019-11-30,C Kavanagh,9,3,14,14,2019,2,2,39.152,29.143,31.675,18.167,26.914,54.844,,,,18.843,27.579,53.516,6.861,0.611,13.145,0.694,84.639,1.147,68.969,0.673,35.483,1.246,32.291,15.998,-52.964,11.306,13.769,-29.795,,,,11.982,14.434,-31.123
136,Norwich_Arsenal_2019,2019-12-01,P Tierney,14,31,14,14,2019,2,2,23.628,36.464,39.904,35.374,22.768,41.504,,,,35.374,22.768,41.504,24.187,0.605,23.572,0.411,56.875,0.427,70.679,1.06,33.114,0.31,-0.559,12.892,-16.971,11.187,-0.804,-15.371,,,,11.187,-0.804,-15.371
137,Leicester_Everton_2019,2019-12-01,G Scott,27,8,14,14,2019,2,1,86.463,6.211,1.692,83.276,11.994,3.355,,,,83.276,11.994,3.355,61.545,0.709,24.566,0.681,18.746,0.549,55.402,0.217,48.697,1.843,24.918,-18.355,-17.054,21.731,-12.572,-15.391,,,,21.731,-12.572,-15.391
138,Man United_Aston Villa_2019,2019-12-01,C Pawson,13,21,14,14,2019,2,2,51.693,20.146,27.186,69.519,16.435,12.514,,,,69.519,16.435,12.514,67.577,0.87,22.894,0.549,14.399,1.085,58.31,0.24,45.933,2.384,-15.884,-2.748,12.787,1.942,-6.459,-1.885,,,,1.942,-6.459,-1.885
139,Wolves_Sheffield United_2019,2019-12-01,D Coote,4,15,14,14,2019,1,1,41.601,42.333,16.065,21.528,27.631,50.781,,,,21.528,27.631,50.781,52.59,0.538,29.178,0.561,22.858,0.704,43.016,0.654,60.996,1.578,-10.989,13.155,-6.793,-31.062,-1.547,27.923,,,,-31.062,-1.547,27.923
140,Burnley_Man City_2019,2019-12-03,J Moss,11,3,15,15,2019,1,4,27.254,18.76,52.196,19.874,18.27,60.367,,,,19.443,17.796,61.016,8.873,0.497,15.471,0.808,80.12,1.113,68.279,1.648,36.039,0.459,18.381,3.289,-27.924,11.001,2.799,-19.753,,,,10.57,2.325,-19.104
141,Crystal Palace_Bournemouth_2019,2019-12-03,A Taylor,24,17,15,15,2019,1,0,8.476,24.837,66.587,29.315,31.435,39.236,,,,24.953,33.325,41.712,44.723,0.858,29.768,0.454,30.133,0.661,48.923,1.522,55.1,0.644,-36.247,-4.931,36.454,-15.408,1.667,9.103,,,,-19.77,3.557,11.579
142,Southampton_Norwich_2019,2019-12-04,K Friend,12,14,15,15,2019,2,1,7.218,18.215,74.101,33.172,34.311,32.511,,,,36.142,29.452,34.38,56.581,1.433,25.246,0.9,23.073,0.931,63.097,0.844,41.258,1.323,-49.363,-7.031,51.028,-23.409,9.065,9.438,,,,-20.439,4.206,11.307
143,Leicester_Watford_2019,2019-12-04,C Pawson,27,39,15,15,2019,2,0,53.172,28.301,18.477,83.684,4.429,1.337,,,,86.892,7.139,1.826,73.915,1.43,19.459,0.986,11.403,1.286,62.112,0.0,42.064,2.0,-20.743,8.842,7.074,9.769,-15.03,-10.066,,,,12.977,-12.32,-9.577
144,Wolves_West Ham_2019,2019-12-04,A Marriner,4,5,15,15,2019,2,0,69.464,24.6,5.845,39.312,27.551,33.083,,,,37.348,28.29,34.322,56.875,0.427,26.756,0.426,20.983,0.684,52.912,0.396,50.946,2.383,12.589,-2.156,-15.138,-17.563,0.795,12.1,,,,-19.527,1.534,13.339
145,Liverpool_Everton_2019,2019-12-04,M Dean,10,8,15,15,2019,5,2,70.494,13.599,11.788,79.665,10.391,5.626,,,,80.082,11.111,5.581,72.129,1.085,20.23,0.59,12.266,0.684,63.097,0.844,41.177,1.438,-1.635,-6.631,-0.478,7.536,-9.839,-6.64,,,,7.953,-9.119,-6.685
146,Chelsea_Aston Villa_2019,2019-12-04,C Kavanagh,30,21,15,15,2019,2,1,71.203,23.215,5.462,52.113,24.118,23.576,,,,53.767,23.376,22.61,77.339,1.332,17.405,0.437,9.901,1.108,70.679,1.06,33.168,0.233,-6.136,5.81,-4.439,-25.226,6.713,13.675,,,,-23.572,5.971,12.709
147,Man United_Tottenham_2019,2019-12-04,P Tierney,13,6,15,15,2019,2,1,50.345,20.169,28.484,53.93,22.285,23.412,,,,64.252,18.255,16.341,37.023,0.617,29.187,0.795,38.272,0.566,55.556,0.0,48.585,2.001,13.322,-9.018,-9.788,16.907,-6.902,-14.86,,,,27.229,-10.932,-21.931
148,Arsenal_Brighton_2019,2019-12-05,G Scott,31,18,15,15,2019,1,2,67.381,16.122,14.369,78.532,13.827,6.2,,,,65.385,18.975,14.85,62.714,1.153,23.597,0.282,18.223,0.819,64.731,0.889,39.38,0.877,4.667,-7.475,-3.854,15.818,-9.77,-12.023,,,,2.671,-4.622,-3.373
149,Sheffield United_Newcastle_2019,2019-12-05,S Attwell,15,9,15,15,2019,0,2,77.26,13.334,7.303,63.491,22.088,14.143,,,,66.43,20.972,12.255,53.791,1.315,29.34,0.709,21.704,1.099,42.486,1.403,61.731,0.539,23.469,-16.006,-14.401,9.7,-7.252,-7.561,,,,12.639,-8.368,-9.449
150,Watford_Crystal Palace_2019,2019-12-07,M Atkinson,39,24,16,16,2019,0,0,6.872,23.973,69.044,16.461,24.681,58.717,,,,13.182,24.475,62.209,42.469,0.551,30.126,0.434,31.787,0.521,49.038,1.36,55.1,0.644,-35.597,-6.153,37.257,-26.008,-5.445,26.93,,,,-29.287,-5.651,30.422
151,Man City_Man United_2019,2019-12-07,A Taylor,3,13,16,16,2019,1,2,72.356,15.026,10.623,82.406,9.797,4.191,,,,77.317,13.031,7.308,76.925,0.374,17.795,0.507,9.862,0.75,66.667,0.0,37.135,1.461,-4.569,-2.769,0.761,5.481,-7.998,-5.671,,,,0.392,-4.764,-2.554
152,Bournemouth_Liverpool_2019,2019-12-07,C Kavanagh,17,10,16,16,2019,0,3,19.94,40.281,39.777,11.418,22.12,66.228,,,,11.482,21.651,66.6,13.85,0.85,19.769,0.541,70.848,0.912,66.446,0.312,37.332,1.182,6.09,20.512,-31.071,-2.432,2.351,-4.62,,,,-2.368,1.882,-4.248
153,Tottenham_Burnley_2019,2019-12-07,K Friend,6,11,16,16,2019,5,0,53.109,22.189,24.307,55.84,23.397,20.528,,,,61.353,20.801,17.346,71.181,0.773,20.888,0.309,12.561,0.959,62.522,1.658,41.844,0.495,-18.072,1.301,11.746,-15.341,2.509,7.967,,,,-9.828,-0.087,4.785
154,Everton_Chelsea_2019,2019-12-07,C Pawson,8,30,16,16,2019,3,1,27.01,24.615,48.21,7.509,9.687,73.239,,,,16.828,15.853,64.248,28.389,0.472,26.562,0.635,49.47,0.606,57.805,0.473,46.332,1.82,-1.379,-1.947,-1.26,-20.88,-16.875,23.769,,,,-11.561,-10.709,14.778
155,Newcastle_Southampton_2019,2019-12-08,D Coote,9,12,16,16,2019,2,1,52.754,22.189,24.658,35.229,34.258,30.507,,,,38.096,34.266,27.632,38.747,0.747,31.092,0.387,35.034,0.572,46.851,1.086,57.479,0.934,14.007,-8.903,-10.376,-3.518,3.166,-4.527,,,,-0.651,3.174,-7.402
156,Norwich_Sheffield United_2019,2019-12-08,S Hooper,14,15,16,16,2019,1,2,15.389,24.215,60.24,10.678,16.623,71.549,,,,14.984,19.098,65.152,34.222,0.751,28.698,0.351,41.756,0.307,53.819,2.455,50.0,0.0,-18.833,-4.483,18.484,-23.544,-12.075,29.793,,,,-19.238,-9.6,23.396
157,Aston Villa_Leicester_2019,2019-12-08,M Oliver,21,27,16,16,2019,1,4,0.0,4.703,91.651,14.848,24.671,60.346,,,,12.704,21.738,65.275,23.36,0.789,25.787,0.302,55.467,0.976,61.359,1.065,42.748,1.033,-23.36,-21.084,36.184,-8.512,-1.116,4.879,,,,-10.656,-4.049,9.808
158,Brighton_Wolves_2019,2019-12-08,J Moss,18,4,16,16,2019,2,2,33.801,27.625,38.523,32.827,27.578,39.543,,,,30.074,30.374,39.531,37.18,0.496,32.042,0.53,35.444,0.42,43.107,0.526,60.996,1.578,-3.379,-4.417,3.079,-4.353,-4.464,4.099,,,,-7.106,-1.668,4.087
159,West Ham_Arsenal_2019,2019-12-09,M Dean,5,31,16,16,2019,1,3,55.905,22.253,21.483,56.751,21.843,20.998,,,,36.555,24.551,38.726,29.008,0.883,24.753,0.552,50.864,1.018,68.506,1.327,35.726,0.902,26.897,-2.5,-29.381,27.743,-2.91,-29.866,,,,7.547,-0.202,-12.138
160,Liverpool_Watford_2019,2019-12-14,A Marriner,10,39,17,17,2019,2,0,74.013,13.367,9.507,78.257,3.67,1.351,,,,81.552,4.348,1.515,85.843,0.773,13.074,0.403,5.884,0.652,71.686,0.363,32.292,1.473,-11.83,0.293,3.623,-7.586,-9.404,-4.533,,,,-4.291,-8.726,-4.369
161,Burnley_Newcastle_2019,2019-12-14,T Robinson,11,9,17,17,2019,1,0,16.427,17.804,64.398,56.26,21.078,22.098,,,,54.53,21.914,23.131,51.594,0.43,28.63,0.786,24.286,0.834,46.958,0.935,57.16,1.386,-35.167,-10.826,40.112,4.666,-7.552,-2.188,,,,2.936,-6.716,-1.155
162,Sheffield United_Aston Villa_2019,2019-12-14,P Bankes,15,21,17,17,2019,2,0,57.54,17.864,22.511,39.045,23.513,37.185,,,,44.186,25.006,30.667,53.814,0.383,26.814,0.374,23.743,0.492,55.402,0.217,48.585,2.001,3.726,-8.95,-1.232,-14.769,-3.301,13.442,,,,-9.628,-1.808,6.924
163,Leicester_Norwich_2019,2019-12-14,A Madley,27,14,17,17,2019,1,1,75.492,19.752,4.521,82.579,14.39,2.43,,,,86.942,9.824,1.631,82.084,0.668,15.233,0.274,7.322,0.64,69.205,0.339,35.247,1.58,-6.592,4.519,-2.801,0.495,-0.843,-4.892,,,,4.858,-5.409,-5.691
164,Southampton_West Ham_2019,2019-12-14,M Atkinson,12,5,17,17,2019,0,1,74.8,19.183,5.712,33.413,28.105,38.44,,,,19.876,22.315,57.476,52.223,0.446,26.149,0.408,26.182,0.374,61.544,0.803,42.486,1.403,22.577,-6.966,-20.47,-18.81,1.956,12.258,,,,-32.347,-3.834,31.294
165,Chelsea_Bournemouth_2019,2019-12-14,G Scott,30,17,17,17,2019,0,1,68.376,21.659,9.729,51.377,32.513,16.094,,,,51.503,28.204,20.242,80.109,0.482,15.778,0.695,8.735,0.729,71.175,0.358,32.692,0.907,-11.733,5.881,0.994,-28.732,16.735,7.359,,,,-28.606,12.426,11.507
166,Man United_Everton_2019,2019-12-15,M Oliver,13,8,17,17,2019,1,1,67.079,10.854,10.729,70.43,15.874,11.944,,,,75.024,14.768,8.602,56.733,1.248,26.877,0.498,20.949,0.739,55.402,0.217,48.585,2.001,10.346,-16.023,-10.22,13.697,-11.003,-9.005,,,,18.291,-12.109,-12.347
167,Wolves_Tottenham_2019,2019-12-15,S Attwell,4,6,17,17,2019,1,2,59.803,22.782,17.156,58.263,20.784,20.368,,,,52.099,22.146,25.343,31.17,0.196,29.132,0.434,44.358,0.813,52.223,0.578,51.568,1.504,28.633,-6.35,-27.202,27.093,-8.348,-23.99,,,,20.929,-6.986,-19.015
168,Arsenal_Man City_2019,2019-12-15,P Tierney,31,3,17,17,2019,0,3,20.697,16.608,59.543,25.182,18.433,54.496,,,,16.624,15.276,64.274,16.438,0.649,18.79,0.476,69.546,1.31,74.631,0.788,29.199,0.301,4.259,-2.182,-10.003,8.744,-0.357,-15.05,,,,0.186,-3.514,-5.272
169,Crystal Palace_Brighton_2019,2019-12-16,C Pawson,24,18,17,17,2019,1,1,24.104,27.756,48.084,36.996,35.185,27.815,,,,37.326,36.406,26.264,39.401,0.496,30.883,0.305,34.489,0.52,45.663,0.295,58.53,2.42,-15.297,-3.127,13.595,-2.405,4.302,-6.674,,,,-2.075,5.523,-8.225
170,Aston Villa_Southampton_2019,2019-12-21,C Pawson,21,12,18,18,2019,1,3,34.8,22.103,42.626,36.334,26.822,36.776,,,,41.023,27.203,31.713,41.395,0.877,28.08,0.355,35.239,0.555,61.731,0.539,42.486,1.403,-6.595,-5.977,7.387,-5.061,-1.258,1.537,,,,-0.372,-0.877,-3.526
171,Brighton_Sheffield United_2019,2019-12-21,R Jones,18,15,18,18,2019,0,1,24.947,29.407,45.614,27.577,33.013,39.4,,,,26.984,30.591,42.405,45.319,0.331,30.663,0.356,28.635,0.568,47.065,0.783,57.16,1.386,-20.372,-1.256,16.979,-17.742,2.35,10.765,,,,-18.335,-0.072,13.77
172,Newcastle_Crystal Palace_2019,2019-12-21,S Hooper,9,24,18,18,2019,1,0,37.875,36.99,25.131,52.487,29.758,17.721,,,,42.641,34.21,23.142,41.188,0.599,32.531,0.652,30.824,0.933,39.38,0.877,64.731,0.889,-3.313,4.459,-5.693,11.299,-2.773,-13.103,,,,1.453,1.679,-7.682
173,Man City_Leicester_2019,2019-12-21,M Dean,3,27,18,18,2019,3,1,3.565,12.199,82.875,18.894,20.047,60.348,,,,26.384,22.325,50.899,73.262,0.446,18.663,0.377,12.944,0.497,70.437,1.403,33.223,0.156,-69.697,-6.464,69.931,-54.368,1.384,47.404,,,,-46.878,3.662,37.955
174,Norwich_Wolves_2019,2019-12-21,P Bankes,14,4,18,18,2019,1,2,11.653,17.357,69.982,7.937,12.84,76.376,,,,15.706,17.459,65.37,26.713,0.591,26.767,0.405,51.165,0.933,55.1,0.644,48.923,1.522,-15.06,-9.41,18.817,-18.776,-13.927,25.211,,,,-11.007,-9.308,14.205
175,Bournemouth_Burnley_2019,2019-12-21,M Atkinson,17,11,18,18,2019,0,1,34.535,28.479,36.949,48.325,24.821,26.702,,,,41.707,25.94,32.255,41.247,0.699,29.543,0.206,33.886,0.54,51.441,1.683,52.223,0.578,-6.712,-1.064,3.063,7.078,-4.722,-7.184,,,,0.46,-3.603,-1.631
176,Everton_Arsenal_2019,2019-12-21,K Friend,8,31,18,18,2019,0,0,34.081,24.5,41.248,29.026,26.246,44.639,,,,38.212,26.528,35.183,43.354,0.303,26.732,0.421,34.475,0.693,63.097,0.844,41.258,1.323,-9.273,-2.232,6.773,-14.328,-0.486,10.164,,,,-5.142,-0.204,0.708
177,Watford_Man United_2019,2019-12-22,L Mason,39,13,18,18,2019,2,0,5.445,17.783,76.354,15.086,31.985,52.91,,,,10.661,25.647,63.602,22.757,0.323,25.877,0.902,56.138,0.836,52.357,0.388,51.316,1.861,-17.312,-8.094,20.216,-7.671,6.108,-3.228,,,,-12.096,-0.23,7.464
178,Tottenham_Chelsea_2019,2019-12-22,A Taylor,6,30,18,18,2019,0,2,77.883,8.589,5.227,60.736,15.882,19.479,,,,64.309,14.736,16.306,42.536,0.806,27.651,0.965,34.554,1.145,62.711,1.39,41.589,0.856,35.347,-19.062,-29.327,18.2,-11.769,-15.075,,,,21.773,-12.915,-18.248
179,Leicester_Liverpool_2019,2019-12-26,M Oliver,27,10,19,18,2019,0,4,26.667,31.854,41.465,43.54,33.143,23.306,,,,33.842,34.252,31.9,29.499,0.176,27.087,0.607,48.125,0.737,60.241,0.0,43.914,2.179,-2.832,4.767,-6.66,14.041,6.056,-24.819,,,,4.343,7.165,-16.225
180,Sheffield United_Watford_2019,2019-12-26,D Coote,15,39,19,19,2019,1,1,80.847,13.694,4.403,62.044,25.868,11.998,,,,68.958,22.353,8.508,54.014,0.736,28.333,0.373,22.421,0.464,46.641,1.384,57.479,0.934,26.833,-14.639,-18.018,8.03,-2.465,-10.423,,,,14.944,-5.98,-13.913
181,Chelsea_Southampton_2019,2019-12-26,J Moss,30,12,19,19,2019,0,2,21.693,27.908,50.345,55.006,29.206,15.748,,,,42.17,30.216,27.591,74.174,0.882,19.207,0.405,11.513,0.702,66.013,0.924,37.671,0.702,-52.481,8.701,38.832,-19.168,9.999,4.235,,,,-32.004,11.009,16.078
182,Man United_Newcastle_2019,2019-12-26,K Friend,13,9,19,19,2019,4,1,49.774,31.117,19.087,67.731,19.747,12.035,,,,72.201,17.483,9.557,74.631,0.61,19.323,0.533,10.844,0.642,57.003,1.608,47.174,0.629,-24.857,11.794,8.243,-6.9,0.424,1.191,,,,-2.43,-1.84,-1.287
183,Aston Villa_Norwich_2019,2019-12-26,C Kavanagh,21,14,19,19,2019,1,0,15.712,19.917,63.76,39.907,29.437,30.628,,,,56.805,26.702,16.414,47.664,0.653,26.506,0.35,30.601,0.402,64.731,0.889,39.305,0.983,-31.952,-6.589,33.159,-7.757,2.931,0.027,,,,9.141,0.196,-14.187
184,Bournemouth_Arsenal_2019,2019-12-26,S Attwell,17,31,19,19,2019,1,1,2.718,13.027,83.363,19.127,35.349,45.518,,,,27.188,29.924,42.862,28.654,0.166,26.012,0.341,50.146,1.097,63.294,0.567,40.938,1.776,-25.936,-12.985,33.217,-9.527,9.337,-4.628,,,,-1.466,3.912,-7.284
185,Crystal Palace_West Ham_2019,2019-12-26,A Marriner,24,5,19,18,2019,2,1,26.337,48.453,25.21,38.62,37.847,23.53,,,,30.406,41.824,27.769,43.535,1.146,29.288,0.43,32.021,0.396,51.826,1.139,51.957,0.954,-17.198,19.165,-6.811,-4.915,8.559,-8.491,,,,-13.129,12.536,-4.252
186,Everton_Burnley_2019,2019-12-26,A Taylor,8,11,19,19,2019,1,0,42.095,29.705,28.173,49.959,25.473,24.447,,,,46.81,26.743,26.37,58.72,0.881,26.765,0.308,19.42,0.455,50.826,2.554,52.912,0.396,-16.625,2.94,8.753,-8.761,-1.292,5.027,,,,-11.91,-0.022,6.95
187,Tottenham_Brighton_2019,2019-12-26,G Scott,6,18,19,19,2019,2,1,64.232,17.689,16.622,70.77,16.664,11.337,,,,71.884,16.97,10.182,64.591,0.669,22.887,0.311,17.268,0.742,61.544,0.803,42.572,1.281,-0.359,-5.198,-0.646,6.179,-6.223,-5.931,,,,7.293,-5.917,-7.086
188,Wolves_Man City_2019,2019-12-27,M Atkinson,4,3,19,19,2019,3,2,17.365,20.854,61.289,29.105,25.182,45.581,,,,13.831,15.961,68.079,12.623,0.794,20.095,0.166,72.049,1.331,63.898,0.289,40.477,2.428,4.742,0.759,-10.76,16.482,5.087,-26.468,,,,1.208,-4.134,-3.97
189,West Ham_Leicester_2019,2019-12-28,D Coote,5,27,19,20,2019,1,2,6.409,7.51,65.551,3.006,5.112,71.608,,,,4.436,7.631,78.007,24.879,0.625,25.955,0.307,53.912,0.511,61.359,1.065,42.748,1.033,-18.47,-18.445,11.639,-21.873,-20.843,17.696,,,,-20.443,-18.324,24.095
190,Norwich_Tottenham_2019,2019-12-28,K Friend,14,6,20,20,2019,2,2,21.073,17.42,59.216,16.226,16.83,64.988,,,,28.223,18.355,51.186,20.088,0.712,24.765,0.274,59.828,0.721,62.522,1.658,41.844,0.495,0.985,-7.345,-0.612,-3.862,-7.935,5.16,,,,8.135,-6.41,-8.642
191,Burnley_Man United_2019,2019-12-28,M Dean,11,13,20,20,2019,0,2,14.632,18.557,65.915,32.077,23.805,43.892,,,,40.845,26.41,32.664,22.941,0.614,27.263,0.685,54.453,0.645,50.826,2.554,52.912,0.396,-8.309,-8.706,11.462,9.136,-3.458,-10.561,,,,17.904,-0.853,-21.789
192,Newcastle_Everton_2019,2019-12-28,L Mason,9,8,20,20,2019,1,2,77.299,11.086,7.001,69.099,17.909,12.111,,,,58.778,26.409,14.73,28.264,0.722,29.605,0.398,46.854,0.948,47.065,0.783,57.16,1.386,49.035,-18.519,-39.853,40.835,-11.696,-34.743,,,,30.514,-3.196,-32.124
193,Watford_Aston Villa_2019,2019-12-28,S Hooper,39,21,20,20,2019,3,0,41.002,34.127,24.863,26.039,34.556,39.398,,,,24.56,26.731,48.63,50.304,0.81,26.67,0.318,27.392,0.471,57.805,0.473,46.332,1.82,-9.302,7.457,-2.529,-24.265,7.886,12.006,,,,-25.744,0.061,21.238
194,Southampton_Crystal Palace_2019,2019-12-28,A Madley,12,24,20,20,2019,1,1,18.463,53.033,28.504,9.976,17.326,71.859,,,,18.259,23.018,58.474,50.982,0.524,28.086,0.566,25.406,0.654,49.038,1.36,55.1,0.644,-32.519,24.947,3.098,-41.006,-10.76,46.453,,,,-32.723,-5.068,33.068
195,Brighton_Bournemouth_2019,2019-12-28,P Tierney,18,17,20,20,2019,2,0,20.786,31.605,47.59,55.82,28.097,16.029,,,,39.353,29.085,31.53,56.133,0.615,26.182,0.692,22.444,0.763,51.957,0.954,51.697,1.322,-35.347,5.423,25.146,-0.313,1.915,-6.415,,,,-16.78,2.903,9.086
196,Liverpool_Wolves_2019,2019-12-29,A Taylor,10,4,19,20,2019,1,0,67.042,15.169,14.605,52.022,22.489,25.129,,,,61.112,20.074,18.139,79.171,1.211,17.025,0.411,8.762,0.363,63.097,0.844,41.097,1.551,-12.129,-1.856,5.843,-27.149,5.464,16.367,,,,-18.059,3.049,9.377
197,Arsenal_Chelsea_2019,2019-12-29,C Pawson,31,30,20,20,2019,1,2,22.096,20.911,56.393,13.485,15.07,68.557,,,,23.23,16.475,56.258,35.195,0.427,26.871,0.179,42.596,0.789,64.126,1.744,39.92,0.113,-13.099,-5.96,13.797,-21.71,-11.801,25.961,,,,-11.965,-10.396,13.662
198,Man City_Sheffield United_2019,2019-12-29,C Kavanagh,3,15,20,20,2019,2,0,30.426,29.054,40.488,33.044,33.601,33.348,,,,49.583,26.616,23.719,85.112,0.76,13.208,0.308,6.423,0.316,70.926,0.711,32.9,0.612,-54.686,15.846,34.065,-52.068,20.393,26.925,,,,-35.529,13.408,17.296
199,Burnley_Aston Villa_2019,2020-01-01,M Oliver,11,21,21,21,2019,1,2,54.033,31.008,14.934,58.371,21.986,19.278,52.976,22.728,23.975,50.276,22.127,27.168,55.876,0.838,26.475,0.805,22.65,0.481,52.771,0.197,50.946,2.383,-1.843,4.533,-7.716,2.495,-4.489,-3.372,-2.9,-3.747,1.325,-5.6,-4.348,4.518
200,Arsenal_Man United_2019,2020-01-01,C Kavanagh,31,13,21,21,2019,2,0,6.85,15.817,76.461,14.779,17.345,66.476,35.24,26.434,38.246,32.299,24.756,42.791,38.891,0.522,27.628,0.366,38.291,0.195,59.882,0.507,44.279,1.662,-32.041,-11.811,38.17,-24.112,-10.283,28.185,-3.651,-1.194,-0.045,-6.592,-2.872,4.5
201,Newcastle_Leicester_2019,2020-01-01,M Atkinson,9,27,21,21,2019,0,3,38.56,22.594,38.463,8.317,12.994,75.798,18.954,27.466,53.515,16.711,24.38,58.753,19.103,0.756,25.796,0.606,60.123,0.438,51.191,2.037,52.494,0.195,19.457,-3.202,-21.66,-10.786,-12.802,15.675,-0.149,1.67,-6.608,-2.392,-1.416,-1.37
202,Watford_Wolves_2019,2020-01-01,A Madley,39,4,21,21,2019,2,1,81.701,18.106,0.0,32.58,34.77,32.645,21.306,32.265,46.413,19.341,29.235,51.386,31.685,0.944,29.923,0.68,43.447,0.077,49.876,0.176,53.956,2.262,50.016,-11.817,-43.447,0.895,4.847,-10.802,-10.379,2.342,2.966,-12.344,-0.688,7.939
203,West Ham_Bournemouth_2019,2020-01-01,G Scott,5,17,20,21,2019,4,0,43.767,33.516,22.707,38.076,27.608,34.264,,,,29.928,24.551,45.352,51.824,0.813,26.224,0.594,26.78,0.763,59.36,1.246,44.851,0.853,-8.057,7.292,-4.073,-13.748,1.384,7.484,,,,-21.896,-1.673,18.572
204,Southampton_Tottenham_2019,2020-01-01,M Dean,12,6,21,21,2019,1,0,37.974,26.942,35.018,10.891,13.344,71.799,17.782,18.273,62.664,14.541,15.575,67.199,30.147,0.639,28.186,0.356,46.705,0.818,59.706,0.756,44.466,1.397,7.827,-1.244,-11.687,-19.256,-14.842,25.094,-12.365,-9.913,15.959,-15.606,-12.611,20.494
205,Norwich_Crystal Palace_2019,2020-01-01,J Moss,14,24,21,21,2019,1,1,35.297,42.257,22.445,22.905,28.117,48.926,35.894,25.523,38.47,32.742,23.907,43.133,39.452,0.429,29.118,0.456,36.305,0.546,51.957,0.954,51.697,1.322,-4.155,13.139,-13.86,-16.547,-1.001,12.621,-3.558,-3.595,2.165,-6.71,-5.211,6.828
206,Brighton_Chelsea_2019,2020-01-01,S Attwell,18,30,21,21,2019,1,1,39.982,26.416,33.521,34.977,22.86,41.824,36.678,22.82,40.155,33.03,21.341,44.978,27.04,0.654,27.554,0.444,50.443,1.181,57.479,0.934,46.641,1.384,12.942,-1.138,-16.922,7.937,-4.694,-8.619,9.638,-4.734,-10.288,5.99,-6.213,-5.465
207,Man City_Everton_2019,2020-01-01,A Marriner,3,8,21,21,2019,2,1,73.371,10.848,8.54,75.509,11.373,7.987,82.046,8.707,4.005,80.566,8.704,4.505,79.059,0.862,16.229,0.485,9.422,0.773,72.479,1.486,31.599,0.494,-5.688,-5.381,-0.882,-3.55,-4.856,-1.435,2.987,-7.522,-5.417,1.507,-7.525,-4.917
208,Liverpool_Sheffield United_2019,2020-01-02,P Tierney,10,15,20,21,2019,2,0,73.218,18.36,7.936,64.077,22.829,12.885,60.549,24.215,15.081,58.215,24.499,17.134,82.084,0.668,15.848,0.64,7.182,0.559,64.731,0.889,39.531,0.663,-8.866,2.512,0.754,-18.007,6.981,5.703,-21.535,8.367,7.899,-23.869,8.651,9.952
209,Sheffield United_West Ham_2019,2020-01-10,M Oliver,15,5,22,21,2019,1,0,46.211,35.182,18.6,71.055,21.362,7.372,45.496,32.878,21.614,43.507,32.838,23.643,49.847,0.889,29.355,0.14,25.355,0.454,49.272,1.03,54.805,1.062,-3.636,5.827,-6.755,21.208,-7.993,-17.983,-4.351,3.523,-3.741,-6.34,3.483,-1.712
210,Man United_Norwich_2019,2020-01-11,A Taylor,13,14,22,22,2019,4,0,77.002,15.473,6.597,61.576,25.028,13.279,77.106,16.558,5.737,78.31,15.818,5.199,73.807,0.758,19.654,0.419,11.496,0.806,62.522,1.658,41.844,0.495,3.195,-4.181,-4.899,-12.231,5.374,1.783,3.299,-3.096,-5.759,4.503,-3.836,-6.297
211,Leicester_Southampton_2019,2020-01-11,L Mason,27,12,22,22,2019,1,2,8.716,14.976,74.785,37.892,25.039,36.932,51.982,24.723,23.139,54.098,24.355,21.374,61.233,0.78,25.024,0.328,18.435,0.83,60.424,0.258,43.648,2.555,-52.517,-10.048,56.35,-23.341,0.015,18.497,-9.251,-0.301,4.704,-7.135,-0.669,2.939
212,Wolves_Newcastle_2019,2020-01-11,P Bankes,4,9,22,22,2019,1,1,68.034,17.087,13.523,63.931,20.621,14.988,64.213,19.226,15.783,66.225,18.565,14.339,68.89,0.553,23.217,0.646,12.401,0.874,49.155,1.196,54.805,1.062,-0.856,-6.13,1.122,-4.959,-2.596,2.587,-4.677,-3.991,3.382,-2.665,-4.652,1.938
213,Chelsea_Burnley_2019,2020-01-11,K Friend,30,11,22,22,2019,3,0,51.703,36.08,12.21,50.146,33.098,16.741,46.575,29.615,23.779,48.375,29.38,22.21,77.522,0.538,18.032,0.246,9.12,0.592,59.022,1.724,45.149,0.432,-25.819,18.048,3.09,-27.376,15.066,7.621,-30.947,11.583,14.659,-29.147,11.348,13.09
214,Crystal Palace_Arsenal_2019,2020-01-11,P Tierney,24,31,22,22,2019,1,1,29.776,39.392,30.831,25.555,34.111,40.327,31.675,35.957,32.365,33.188,36.264,30.545,23.858,0.769,26.026,0.465,54.8,0.625,54.374,1.672,49.51,0.693,5.918,13.366,-23.969,1.697,8.085,-14.473,7.817,9.931,-22.435,9.33,10.238,-24.255
215,Tottenham_Liverpool_2019,2020-01-11,M Atkinson,6,10,22,21,2019,0,1,7.672,16.142,75.292,14.01,21.952,63.752,,,,17.574,24.135,58.119,21.814,0.547,23.682,0.608,59.179,0.705,61.359,1.065,42.748,1.033,-14.142,-7.54,16.113,-7.804,-1.73,4.573,,,,-4.24,0.453,-1.06
216,Everton_Brighton_2019,2020-01-11,D Coote,8,18,22,22,2019,1,0,61.887,28.726,9.345,61.028,25.367,13.499,47.778,27.955,24.214,49.674,27.699,22.568,53.534,1.972,27.679,0.737,24.108,0.59,54.374,1.672,49.51,0.693,8.353,1.047,-14.763,7.494,-2.312,-10.609,-5.756,0.276,0.106,-3.86,0.02,-1.54
217,Aston Villa_Man City_2019,2020-01-12,J Moss,21,3,22,22,2019,1,6,1.735,3.313,65.525,16.686,16.07,64.474,12.21,14.41,70.217,13.554,15.234,68.482,7.076,0.417,12.13,0.405,85.595,0.551,78.125,0.0,25.833,1.179,-5.341,-8.817,-20.07,9.61,3.94,-21.121,5.134,2.28,-15.378,6.478,3.104,-17.113
218,Bournemouth_Watford_2019,2020-01-12,M Dean,17,39,22,22,2019,0,3,23.801,51.369,24.829,21.562,41.666,36.771,52.137,29.004,18.818,53.893,28.405,17.653,38.637,1.137,29.826,0.405,36.535,0.827,51.568,1.504,52.089,0.767,-14.836,21.543,-11.706,-17.075,11.84,0.236,13.5,-0.822,-17.717,15.256,-1.421,-18.882
219,Arsenal_Sheffield United_2019,2020-01-18,M Dean,31,15,23,23,2019,1,1,48.568,34.942,16.481,31.845,30.068,38.064,28.859,28.707,42.397,31.578,28.732,39.655,54.554,0.761,27.627,0.3,22.423,0.51,48.923,1.522,55.1,0.644,-5.986,7.315,-5.942,-22.709,2.441,15.641,-25.695,1.08,19.974,-22.976,1.105,17.232
220,Norwich_Bournemouth_2019,2020-01-18,P Tierney,14,17,23,23,2019,1,0,74.08,18.136,7.304,53.64,24.27,21.91,38.905,24.171,36.729,40.456,23.003,36.22,45.286,0.412,28.309,0.475,31.095,0.496,55.711,0.219,48.474,2.158,28.794,-10.173,-23.791,8.354,-4.039,-9.185,-6.381,-4.138,5.634,-4.83,-5.306,5.125
221,Man City_Crystal Palace_2019,2020-01-18,S Scott,3,24,23,23,2019,2,2,71.789,20.835,7.141,52.208,31.173,16.596,73.953,16.623,8.552,73.063,17.039,9.077,91.478,1.27,9.435,0.543,4.095,0.703,77.221,0.422,27.375,1.692,-19.689,11.4,3.046,-39.27,21.738,12.501,-17.525,7.188,4.457,-18.415,7.604,4.982
222,Brighton_Aston Villa_2019,2020-01-18,A Madley,18,21,23,23,2019,1,1,66.224,24.869,8.806,58.191,24.082,17.552,53.496,23.054,23.169,56.417,22.207,21.016,60.856,0.56,23.978,1.004,19.848,0.392,60.061,0.255,44.187,1.793,5.368,0.891,-11.042,-2.665,0.104,-2.296,-7.36,-0.924,3.321,-4.439,-1.771,1.168
223,Watford_Tottenham_2019,2020-01-18,M Oliver,39,6,23,23,2019,0,0,81.114,13.578,4.25,42.394,26.078,31.435,40.282,27.611,32.054,33.858,26.609,39.457,31.525,0.678,28.372,0.333,44.788,0.81,55.1,0.644,48.923,1.522,49.589,-14.794,-40.538,10.869,-2.294,-13.353,8.757,-0.761,-12.734,2.333,-1.763,-5.331
224,Southampton_Wolves_2019,2020-01-18,D England,12,4,23,23,2019,2,3,33.213,41.14,25.647,36.774,29.367,33.831,10.522,15.961,72.105,11.775,18.086,69.337,41.759,0.515,29.857,0.488,32.797,0.62,49.038,1.36,55.1,0.644,-8.546,11.283,-7.15,-4.985,-0.49,1.034,-31.237,-13.896,39.308,-29.984,-11.771,36.54
225,Newcastle_Chelsea_2019,2020-01-18,C Kavanagh,9,30,23,23,2019,1,0,4.041,13.692,81.284,27.126,23.213,49.381,18.046,20.17,61.135,22.782,22.209,54.631,16.664,0.184,22.053,0.527,65.939,0.596,58.14,0.0,46.131,2.104,-12.623,-8.361,15.345,10.462,1.16,-16.558,1.382,-1.883,-4.804,6.118,0.156,-11.308
226,West Ham_Everton_2019,2020-01-18,A Marriner,5,8,22,23,2019,1,1,42.413,21.002,35.808,43.21,18.252,35.666,46.842,20.506,31.724,47.726,21.283,30.348,33.792,0.585,28.951,0.512,41.932,0.399,54.659,1.267,49.39,0.862,8.621,-7.949,-6.124,9.418,-10.699,-6.266,13.05,-8.445,-10.208,13.934,-7.668,-11.584
227,Liverpool_Man United_2019,2020-01-19,C Pawson,10,13,22,23,2019,2,0,81.337,18.483,0.0,78.414,13.134,6.52,72.459,17.087,9.591,74.207,15.805,8.815,73.368,1.255,19.494,0.558,11.984,1.34,59.882,0.507,44.279,1.662,7.969,-1.011,-11.984,5.046,-6.36,-5.464,-0.909,-2.407,-2.393,0.839,-3.689,-3.169
228,Burnley_Leicester_2019,2020-01-19,A Taylor,11,27,23,23,2019,2,1,8.968,16.255,73.741,4.049,9.296,82.468,3.703,8.178,82.232,6.859,12.043,78.027,23.604,0.537,27.047,0.498,53.872,0.862,52.912,0.396,50.826,2.554,-14.636,-10.792,19.869,-19.555,-17.751,28.596,-19.901,-18.869,28.36,-16.745,-15.004,24.155
229,Chelsea_Arsenal_2019,2020-01-21,S Attwell,30,31,24,24,2019,2,2,25.713,43.577,30.71,39.572,33.384,27.036,46.266,30.441,23.269,43.229,31.615,25.14,57.584,0.402,25.524,0.287,21.554,0.81,58.14,0.0,46.131,2.104,-31.871,18.053,9.156,-18.012,7.86,5.482,-11.318,4.917,1.715,-14.355,6.091,3.586
230,Bournemouth_Brighton_2019,2020-01-21,K Friend,17,18,24,24,2019,3,1,12.485,35.829,51.677,17.207,29.244,53.51,39.739,31.577,28.67,33.32,29.976,36.682,34.16,0.655,29.872,0.473,40.299,0.406,49.631,0.522,54.374,1.672,-21.675,5.957,11.378,-16.953,-0.628,13.211,5.579,1.705,-11.629,-0.84,0.104,-3.617
231,Sheffield United_Man City_2019,2020-01-21,L Mason,15,3,24,24,2019,0,1,43.583,26.879,29.468,33.671,19.66,45.254,20.413,20.591,58.367,19.06,20.602,59.751,13.676,0.775,20.869,0.582,70.109,1.152,61.92,0.271,42.231,1.764,29.907,6.01,-40.641,19.995,-1.209,-24.855,6.737,-0.278,-11.742,5.384,-0.267,-10.358
232,Crystal Palace_Southampton_2019,2020-01-21,A Marriner,24,12,24,24,2019,0,2,11.24,19.014,69.179,21.592,24.455,53.785,21.942,30.233,47.798,27.537,32.619,39.833,36.745,0.335,31.069,0.692,36.661,0.596,44.657,1.128,59.532,1.002,-25.505,-12.055,32.518,-15.153,-6.614,17.124,-14.803,-0.836,11.137,-9.208,1.55,3.172
233,Aston Villa_Watford_2019,2020-01-21,M Atkinson,21,39,24,24,2019,2,1,4.365,8.295,80.232,14.949,18.73,65.455,46.206,24.605,29.023,47.13,25.053,27.678,35.159,0.623,29.033,0.425,40.167,0.559,52.223,0.578,51.441,1.683,-30.794,-20.738,40.065,-20.21,-10.303,25.288,11.047,-4.428,-11.144,11.971,-3.98,-12.489
234,Everton_Newcastle_2019,2020-01-21,S Hooper,8,9,24,24,2019,2,2,64.778,35.211,0.0,50.298,30.86,18.818,54.698,26.389,18.825,59.086,24.746,16.032,62.97,0.929,25.267,0.656,16.404,0.867,51.068,2.211,52.771,0.197,1.808,9.944,-16.404,-12.672,5.593,2.414,-8.272,1.122,2.421,-3.884,-0.521,-0.372
235,Leicester_West Ham_2019,2020-01-22,D Coote,27,5,24,23,2019,4,1,14.471,28.173,57.305,54.152,30.343,15.476,62.011,23.583,14.226,59.743,25.279,14.864,65.431,0.176,22.524,0.513,16.687,0.558,62.522,1.658,41.844,0.495,-50.96,5.649,40.618,-11.279,7.819,-1.211,-3.42,1.059,-2.461,-5.688,2.755,-1.823
236,Man United_Burnley_2019,2020-01-22,J Moss,13,11,24,24,2019,0,2,88.82,6.005,0.989,83.584,5.87,2.144,73.628,16.354,9.008,78.475,13.095,6.486,71.443,1.135,21.619,0.581,11.941,0.887,54.516,1.471,49.39,0.862,17.377,-15.614,-10.952,12.141,-15.749,-9.797,2.185,-5.265,-2.933,7.032,-8.524,-5.455
237,Tottenham_Norwich_2019,2020-01-22,C Kavanagh,6,14,24,24,2019,2,1,52.497,34.258,13.233,72.187,17.951,9.229,75.716,18.804,5.166,81.381,13.568,4.034,70.761,0.753,20.579,0.487,13.335,0.838,64.731,0.889,39.231,1.088,-18.264,13.679,-0.102,1.426,-2.628,-4.106,4.955,-1.775,-8.169,10.62,-7.011,-9.301
238,Wolves_Liverpool_2019,2020-01-23,M Oliver,4,10,24,23,2019,1,2,0.0,2.197,88.543,10.048,19.727,69.814,7.582,16.678,74.989,7.416,16.706,75.15,17.72,0.669,25.453,0.492,61.418,0.646,55.402,0.217,48.697,1.843,-17.72,-23.256,27.125,-7.672,-5.726,8.396,-10.138,-8.775,13.571,-10.304,-8.747,13.732
239,West Ham_Liverpool_2019,2020-01-29,J Moss,5,10,24,24,2019,0,2,8.24,18.22,73.017,3.178,7.198,82.241,7.013,14.992,76.844,4.67,10.685,81.671,11.44,0.597,18.103,0.548,74.91,0.589,63.493,0.285,40.705,2.106,-3.2,0.117,-1.893,-8.262,-10.905,7.331,-4.427,-3.111,1.934,-6.77,-7.418,6.761
240,Leicester_Chelsea_2019,2020-02-01,L Mason,27,30,25,25,2019,2,2,23.654,21.621,54.242,41.939,24.431,33.455,41.904,21.03,36.297,51.709,20.118,27.186,39.79,0.339,27.862,0.49,36.835,0.316,57.805,0.473,46.434,1.676,-16.136,-6.241,17.407,2.149,-3.431,-3.38,2.114,-6.832,-0.538,11.919,-7.744,-9.649
241,West Ham_Brighton_2019,2020-02-01,M Oliver,5,18,25,25,2019,3,3,78.084,14.004,6.477,45.32,23.078,31.297,53.408,23.656,22.712,46.186,23.915,29.683,39.195,0.491,29.725,0.512,35.698,0.443,51.826,1.139,51.826,1.139,38.889,-15.721,-29.221,6.125,-6.647,-4.401,14.213,-6.069,-12.986,6.991,-5.81,-6.015
242,Man United_Wolves_2019,2020-02-01,P Tierney,13,4,25,25,2019,0,0,73.841,11.749,8.994,53.947,19.838,25.178,46.503,25.166,28.198,51.067,24.105,24.633,44.814,0.502,31.1,0.669,28.721,0.669,44.949,0.714,59.19,1.486,29.027,-19.351,-19.727,9.133,-11.262,-3.543,1.689,-5.934,-0.523,6.253,-6.995,-4.088
243,Watford_Everton_2019,2020-02-01,C Pawson,39,8,25,25,2019,2,3,69.498,22.476,7.858,60.175,24.144,15.521,50.132,27.872,21.94,39.255,29.715,31.004,36.408,0.109,30.291,0.319,37.821,0.787,49.155,1.196,54.805,1.062,33.09,-7.815,-29.963,23.767,-6.147,-22.3,13.724,-2.419,-15.881,2.847,-0.576,-6.817
244,Crystal Palace_Sheffield United_2019,2020-02-01,A Madley,24,15,25,25,2019,0,1,58.896,29.993,11.078,34.153,35.465,30.377,22.647,37.984,39.366,24.039,39.085,36.874,32.207,0.126,32.616,0.555,39.542,0.886,37.135,1.461,66.667,0.0,26.689,-2.623,-28.464,1.946,2.849,-9.165,-9.56,5.368,-0.176,-8.168,6.469,-2.668
245,Bournemouth_Aston Villa_2019,2020-02-01,A Taylor,17,21,25,25,2019,2,1,43.039,23.694,33.03,28.171,26.422,45.323,37.64,24.252,37.919,37.849,24.735,37.261,46.994,0.702,28.108,0.39,29.451,0.592,54.805,1.062,49.155,1.196,-3.955,-4.414,3.579,-18.823,-1.686,15.872,-9.354,-3.856,8.468,-9.145,-3.373,7.81
246,Liverpool_Southampton_2019,2020-02-01,K Friend,10,12,25,25,2019,4,0,33.897,66.103,0.0,57.77,24.399,17.672,59.374,22.787,17.577,64.101,20.333,15.057,78.138,1.102,17.132,0.416,9.119,0.664,64.938,0.596,39.157,1.192,-44.241,48.971,-9.119,-20.368,7.267,8.553,-18.764,5.655,8.458,-14.037,3.201,5.938
247,Newcastle_Norwich_2019,2020-02-01,M Atkinson,9,14,25,25,2019,0,0,53.512,31.576,14.89,48.854,27.547,23.538,57.069,31.081,11.824,58.122,30.322,11.526,45.053,0.635,29.414,0.274,30.267,0.593,49.51,0.693,54.374,1.672,8.459,2.162,-15.377,3.801,-1.867,-6.729,12.016,1.667,-18.443,13.069,0.908,-18.741
248,Burnley_Arsenal_2019,2020-02-02,C Kavanagh,11,31,25,25,2019,0,0,18.912,22.048,58.687,10.843,18.455,70.053,31.255,26.431,42.232,32.921,26.555,40.447,26.714,0.606,28.421,0.648,49.633,0.573,52.089,0.767,51.568,1.504,-7.802,-6.373,9.054,-15.871,-9.966,20.42,4.541,-1.99,-7.401,6.207,-1.866,-9.186
249,Tottenham_Man City_2019,2020-02-02,M Dean,6,3,25,25,2019,2,0,17.5,17.539,63.299,22.274,17.535,57.825,37.438,20.853,40.87,28.582,20.492,50.053,17.77,0.631,22.388,0.468,64.597,0.924,66.013,0.924,37.811,0.505,-0.27,-4.849,-1.298,4.504,-4.853,-6.772,19.668,-1.535,-23.727,10.812,-1.896,-14.544
250,Everton_Crystal Palace_2019,2020-02-08,D Coote,8,24,26,26,2019,3,1,49.211,29.14,21.61,31.809,39.519,28.671,39.434,31.523,29.028,42.192,30.793,26.995,61.23,0.614,26.647,0.352,16.693,0.506,47.174,0.629,57.003,1.608,-12.019,2.493,4.917,-29.421,12.872,11.978,-21.796,4.876,12.335,-19.038,4.146,10.302
251,Brighton_Watford_2019,2020-02-08,K Friend,18,39,26,26,2019,1,1,34.902,31.877,33.209,38.841,31.017,30.125,68.353,19.469,11.664,60.168,24.213,15.462,46.52,0.685,29.738,0.443,28.214,0.401,49.752,0.35,54.233,1.871,-11.618,2.139,4.995,-7.679,1.279,1.911,21.833,-10.269,-16.55,13.648,-5.525,-12.752
252,Sheffield United_Bournemouth_2019,2020-02-09,J Moss,15,17,26,26,2019,2,1,67.21,32.773,0.0,64.246,25.087,10.563,51.698,32.282,16.002,49.558,31.586,18.836,58.84,1.095,28.38,0.618,17.67,0.398,42.66,1.158,61.359,1.065,8.37,4.393,-17.67,5.406,-3.293,-7.107,-7.142,3.902,-1.668,-9.282,3.206,1.166
253,Wolves_Leicester_2019,2020-02-14,M Dean,4,27,26,26,2019,0,0,14.385,15.997,67.381,20.792,20.128,58.317,11.257,14.224,71.556,12.919,16.511,69.008,39.426,0.46,30.508,0.423,34.625,0.334,49.038,1.36,54.952,0.854,-25.041,-14.511,32.756,-18.634,-10.38,23.692,-28.169,-16.284,36.931,-26.507,-13.997,34.383
254,Norwich_Liverpool_2019,2020-02-15,S Attwell,14,10,26,26,2019,0,1,8.444,27.446,64.055,2.754,10.308,84.985,2.515,7.445,85.058,2.849,7.587,84.153,9.81,0.502,16.97,0.794,77.835,1.152,65.147,0.3,38.868,1.601,-1.366,10.476,-13.78,-7.056,-6.662,7.15,-7.295,-9.525,7.223,-6.961,-9.383,6.318
255,Southampton_Burnley_2019,2020-02-15,S Hooper,12,11,26,26,2019,1,2,49.472,29.167,21.323,49.783,26.784,23.355,25.013,21.98,52.571,25.961,23.109,50.643,56.458,0.977,26.97,0.353,21.083,0.621,51.316,1.861,52.223,0.578,-6.986,2.197,0.24,-6.675,-0.186,2.272,-31.445,-4.99,31.488,-30.497,-3.861,29.56
256,Aston Villa_Tottenham_2019,2020-02-16,M Atkinson,21,6,26,26,2019,2,3,26.581,27.521,45.839,19.386,18.828,60.628,33.564,23.888,42.329,34.374,23.261,42.08,24.84,0.391,26.433,0.181,53.485,0.777,57.805,0.473,46.332,1.82,1.741,1.088,-7.646,-5.454,-7.605,7.143,8.724,-2.545,-11.156,9.534,-3.172,-11.405
257,Arsenal_Newcastle_2019,2020-02-16,L Mason,31,9,26,26,2019,4,0,61.048,19.537,18.573,40.213,25.701,33.98,56.525,21.349,21.626,57.215,21.109,21.139,70.44,1.207,21.776,0.575,12.675,0.842,56.694,2.044,47.506,0.16,-9.392,-2.239,5.898,-30.227,3.925,21.305,-13.915,-0.427,8.951,-13.225,-0.667,8.464
258,Chelsea_Man United_2019,2020-02-17,A Taylor,30,13,26,26,2019,0,2,57.343,24.844,17.674,45.506,26.727,27.69,51.83,28.451,19.671,48.596,28.941,22.423,53.909,0.242,27.917,0.584,22.806,0.515,52.912,0.396,50.826,2.554,3.434,-3.073,-5.132,-8.403,-1.19,4.884,-2.079,0.534,-3.135,-5.313,1.024,-0.383
259,Man City_West Ham_2019,2020-02-19,K Friend,3,5,26,26,2019,2,0,83.057,8.727,3.64,72.924,17.588,8.815,82.338,11.335,4.224,77.832,13.567,6.83,88.63,0.591,10.892,0.296,5.518,0.304,81.306,0.935,23.175,0.114,-5.573,-2.165,-1.878,-15.706,6.696,3.297,-6.292,0.443,-1.294,-10.798,2.675,1.312
260,Southampton_Aston Villa_2019,2020-02-22,C Pawson,12,21,27,27,2019,2,0,23.877,21.908,53.78,53.083,25.936,20.878,21.154,18.873,58.705,24.868,20.421,53.905,61.418,0.646,23.707,0.54,19.326,0.786,63.097,0.844,41.097,1.551,-37.541,-1.799,34.454,-8.335,2.229,1.552,-40.264,-4.834,39.379,-36.55,-3.286,34.579
261,Crystal Palace_Newcastle_2019,2020-02-22,P Bankes,24,9,27,27,2019,1,0,16.973,31.401,51.604,45.598,30.45,23.928,43.897,30.055,26.023,44.778,31.807,23.399,51.078,0.931,30.345,0.628,22.918,0.68,39.531,0.663,64.527,1.177,-34.105,1.056,28.686,-5.48,0.105,1.01,-7.181,-0.29,3.105,-6.3,1.462,0.481
262,Sheffield United_Brighton_2019,2020-02-22,G Scott,15,18,27,27,2019,1,1,57.309,24.609,17.933,47.144,28.563,24.249,60.463,23.201,16.118,52.471,27.217,20.242,51.374,0.524,29.889,0.547,23.139,0.705,43.914,2.179,60.241,0.0,5.935,-5.28,-5.206,-4.23,-1.326,1.11,9.089,-6.688,-7.021,1.097,-2.672,-2.897
263,Leicester_Man City_2019,2020-02-22,P Tierney,27,3,27,27,2019,0,1,14.486,13.572,65.801,11.571,12.653,69.87,31.98,20.173,46.764,31.183,20.47,47.414,22.173,0.477,24.127,0.58,58.199,0.501,64.325,1.463,39.841,0.224,-7.687,-10.555,7.602,-10.602,-11.474,11.671,9.807,-3.954,-11.435,9.01,-3.657,-10.785
264,Chelsea_Tottenham_2019,2020-02-22,M Oliver,30,6,27,27,2019,2,1,35.809,28.076,36.071,30.531,27.019,42.383,45.259,28.465,26.233,42.318,26.531,31.073,57.805,0.364,25.386,0.419,21.225,0.777,54.516,1.471,49.39,0.862,-21.996,2.69,14.846,-27.274,1.633,21.158,-12.546,3.079,5.008,-15.487,1.145,9.848
265,Burnley_Bournemouth_2019,2020-02-22,M Dean,11,17,27,27,2019,3,0,71.215,22.481,6.156,49.984,36.063,13.945,50.651,31.121,18.204,46.543,28.003,25.403,46.845,0.605,30.583,0.294,27.082,0.447,44.187,1.793,59.882,0.507,24.37,-8.102,-20.926,3.139,5.48,-13.137,3.806,0.538,-8.878,-0.302,-2.58,-1.679
266,Wolves_Norwich_2019,2020-02-23,C Kavanagh,4,14,27,27,2019,3,0,50.214,37.682,12.098,65.197,24.227,10.448,61.272,27.904,10.771,64.453,24.596,10.833,65.939,0.596,23.628,0.408,15.173,1.054,52.089,0.767,51.568,1.504,-15.725,14.054,-3.075,-0.742,0.599,-4.725,-4.667,4.276,-4.402,-1.486,0.968,-4.34
267,Man United_Watford_2019,2020-02-23,M Atkinson,13,39,27,27,2019,3,0,31.021,30.812,38.15,63.317,22.886,13.584,56.939,24.667,18.246,73.136,17.27,8.851,62.634,0.542,25.353,0.347,16.775,0.572,51.441,1.683,52.223,0.578,-31.613,5.459,21.375,0.683,-2.467,-3.191,-5.695,-0.686,1.471,10.502,-8.083,-7.924
268,Arsenal_Everton_2019,2020-02-23,S Attwell,31,8,27,27,2019,3,2,81.18,11.808,4.892,46.605,20.642,31.878,47.34,21.692,30.427,54.655,20.939,23.774,49.273,0.837,27.872,0.355,27.529,0.459,57.318,1.161,46.851,1.086,31.907,-16.064,-22.637,-2.668,-7.23,4.349,-1.933,-6.18,2.898,5.382,-6.933,-3.755
269,Liverpool_West Ham_2019,2020-02-24,J Moss,10,5,27,27,2019,3,2,83.731,1.296,0.0,89.173,4.194,0.483,87.3,7.129,1.681,83.776,10.388,3.48,85.843,0.773,13.007,0.513,6.134,0.597,72.997,0.754,31.201,0.069,-2.112,-11.711,-6.134,3.33,-8.813,-5.651,1.457,-5.878,-4.453,-2.067,-2.619,-2.654
270,Norwich_Leicester_2019,2020-02-28,C Pawson,14,27,28,28,2019,1,0,13.031,39.748,47.218,15.146,21.116,63.34,2.229,5.396,81.152,5.775,9.858,78.767,21.611,1.156,24.862,0.469,58.035,0.756,57.641,0.705,46.537,1.531,-8.58,14.886,-10.817,-6.465,-3.746,5.305,-19.382,-19.466,23.117,-15.836,-15.004,20.732
271,Watford_Liverpool_2019,2020-02-29,M Oliver,39,10,28,28,2019,3,0,4.418,17.026,78.116,5.38,30.975,63.62,7.397,27.682,64.871,4.532,16.454,78.499,13.382,0.637,20.834,0.611,70.35,0.911,60.061,0.255,44.095,1.923,-8.964,-3.808,7.766,-8.002,10.141,-6.73,-5.985,6.848,-5.479,-8.85,-4.38,8.149
272,Brighton_Crystal Palace_2019,2020-02-29,M Atkinson,18,24,28,28,2019,0,1,39.2,26.986,33.748,44.293,32.536,23.158,47.618,28.013,24.318,46.44,28.871,24.65,48.247,0.928,30.852,0.357,25.509,0.538,42.748,1.033,61.359,1.065,-9.047,-3.866,8.239,-3.954,1.684,-2.351,-0.629,-2.839,-1.191,-1.807,-1.981,-0.859
273,Bournemouth_Chelsea_2019,2020-02-29,A Marriner,17,30,28,28,2019,2,2,36.644,24.554,38.636,18.454,22.653,58.611,16.285,20.09,63.027,19.679,18.918,60.263,21.345,0.446,26.243,0.481,56.994,0.983,55.402,0.217,48.585,2.001,15.299,-1.689,-18.358,-2.891,-3.59,1.617,-5.06,-6.153,6.033,-1.666,-7.325,3.269
274,Newcastle_Burnley_2019,2020-02-29,A Madley,9,11,28,28,2019,0,0,8.892,31.326,59.757,40.383,34.413,25.197,46.069,28.659,25.231,39.485,32.935,27.57,38.015,0.849,32.19,0.168,34.292,0.493,42.486,1.403,61.731,0.539,-29.123,-0.864,25.465,2.368,2.223,-9.095,8.054,-3.531,-9.061,1.47,0.745,-6.722
275,West Ham_Southampton_2019,2020-02-29,A Taylor,5,12,28,28,2019,3,1,22.51,19.214,57.086,22.185,18.507,57.746,26.428,19.511,52.813,26.081,21.188,52.119,37.002,0.678,28.162,0.45,39.221,0.487,57.16,1.386,47.065,0.783,-14.492,-8.948,17.865,-14.817,-9.655,18.525,-10.574,-8.651,13.592,-10.921,-6.974,12.898
276,Everton_Man United_2019,2020-03-01,C Kavanagh,8,13,28,28,2019,1,1,65.208,22.426,12.141,56.738,27.959,15.248,43.498,28.532,27.93,42.925,29.28,27.763,39.582,0.461,30.055,0.595,35.074,0.532,51.068,2.211,52.632,0.0,25.626,-7.629,-22.933,17.156,-2.096,-19.826,3.916,-1.523,-7.144,3.343,-0.775,-7.311
277,Tottenham_Wolves_2019,2020-03-01,S Attwell,6,4,28,28,2019,2,3,44.445,30.438,25.093,55.562,23.905,20.336,42.816,26.806,30.307,49.59,26.263,24.055,41.051,0.748,31.553,0.537,32.085,0.802,44.466,1.397,59.706,0.756,3.394,-1.115,-6.992,14.511,-7.648,-11.749,1.765,-4.747,-1.778,8.539,-5.29,-8.03
278,Arsenal_West Ham_2019,2020-03-07,M Atkinson,31,5,28,29,2019,1,0,69.888,3.596,1.773,69.116,16.793,12.712,71.373,17.452,10.334,59.814,21.524,18.253,64.246,0.678,22.99,0.233,17.347,0.812,62.522,1.658,41.673,0.737,5.642,-19.394,-15.574,4.87,-6.197,-4.635,7.127,-5.538,-7.013,-4.432,-1.466,0.906
279,Crystal Palace_Watford_2019,2020-03-07,A Taylor,24,39,29,29,2019,1,0,21.144,46.061,32.795,32.214,33.796,33.983,25.122,34.33,40.541,43.907,34.794,21.292,38.915,0.474,31.652,0.513,33.807,0.973,42.748,1.033,61.359,1.065,-17.771,14.409,-1.012,-6.701,2.144,0.176,-13.793,2.678,6.734,4.992,3.142,-12.515
280,Sheffield United_Norwich_2019,2020-03-07,S Hooper,15,14,28,29,2019,1,0,55.217,34.64,10.131,70.115,25.102,4.706,65.227,25.838,8.855,63.708,27.727,8.513,60.424,0.304,26.709,0.461,17.374,0.623,46.958,0.935,57.16,1.386,-5.207,7.931,-7.243,9.691,-1.607,-12.668,4.803,-0.871,-8.519,3.284,1.018,-8.861
281,Southampton_Newcastle_2019,2020-03-07,G Scott,12,9,29,29,2019,0,1,68.344,17.087,13.252,62.073,23.227,14.498,39.189,24.572,36.074,40.231,24.125,35.445,60.197,1.097,25.567,0.633,18.98,0.612,54.952,0.854,49.038,1.36,8.147,-8.48,-5.728,1.876,-2.34,-4.482,-21.008,-0.995,17.094,-19.966,-1.442,16.465
282,Burnley_Tottenham_2019,2020-03-07,J Moss,11,6,29,29,2019,1,1,62.803,27.057,10.077,36.995,30.602,32.384,31.154,23.838,44.784,41.122,24.509,34.199,36.947,0.221,30.494,0.483,37.207,0.643,47.964,0.488,56.097,2.889,25.856,-3.437,-27.13,0.048,0.108,-4.823,-5.793,-6.656,7.577,4.175,-5.985,-3.008
283,Liverpool_Bournemouth_2019,2020-03-07,P Tierney,10,17,29,29,2019,2,1,86.912,3.497,0.559,90.222,5.11,0.446,87.544,6.21,1.405,83.843,8.983,3.386,80.118,1.037,16.263,0.627,8.208,0.687,69.205,0.339,35.305,1.497,6.794,-12.766,-7.649,10.104,-11.153,-7.762,7.426,-10.053,-6.803,3.725,-7.28,-4.822
284,Wolves_Brighton_2019,2020-03-07,A Marriner,4,18,29,29,2019,0,0,59.598,21.524,18.465,52.545,22.652,24.47,60.881,21.182,17.494,54.922,23.218,21.604,60.92,0.687,25.565,0.583,18.015,0.852,49.39,0.862,54.659,1.267,-1.322,-4.041,0.45,-8.375,-2.913,6.455,-0.039,-4.383,-0.521,-5.998,-2.347,3.589
285,Chelsea_Everton_2019,2020-03-08,K Friend,30,8,29,29,2019,4,0,20.342,16.621,59.989,26.298,21.946,51.301,46.613,23.341,29.774,50.255,24.394,25.173,54.168,1.023,26.777,0.691,23.702,0.645,58.14,0.0,46.032,2.245,-33.826,-10.156,36.287,-27.87,-4.831,27.599,-7.555,-3.436,6.072,-3.913,-2.383,1.471
286,Man United_Man City_2019,2020-03-08,M Dean,13,3,29,28,2019,2,0,25.192,51.986,22.822,39.221,25.995,34.69,40.112,23.226,36.372,35.116,23.1,41.478,20.034,0.082,23.621,0.495,61.112,0.937,58.856,1.958,45.149,0.432,5.158,28.365,-38.29,19.187,2.374,-26.422,20.078,-0.395,-24.74,15.082,-0.521,-19.634
287,Leicester_Aston Villa_2019,2020-03-09,M Oliver,27,21,29,28,2019,4,0,67.02,19.472,12.936,51.34,24.223,24.25,68.215,18.443,12.569,68.954,16.86,12.823,72.737,0.928,19.744,0.413,12.262,0.642,65.147,0.3,38.797,1.701,-5.717,-0.272,0.674,-21.397,4.479,11.988,-4.522,-1.301,0.307,-3.783,-2.884,0.561
