,Bb1X2,BbAvAHA,BbMxH,PSH,B365D,BbAvD,VCD,BbAvAHH,LBA,BWD,BbMxD,BWH,BbOU,WHD,VCA,PSCA,WHA,BbMx>2.5,IWH,BbAvH,B365H,WHH,LBH,BbAv>2.5,SJA,BbMxAHA,IWA,LBD,PSA,IWD,SJH,B365A,PSD,BbAHh,SJD,BbAH,BbMx<2.5,BbAvA,BWA,BbMxA,PSCD,BbAv<2.5,PSCH,VCH,BbMxAHH,idGame,nWeekHome,nWeekAway,Date,year,IdHomeTeam,IdAwayTeam
0,33,,1.44,1.41,4.75,4.68,4.8,,7.5,5.0,5.2,1.36,22,4.8,7.5,8.05,8.5,1.62,1.37,1.4,1.44,1.36,1.4,1.56,7.5,,7.5,4.5,8.3,4.6,1.4,8.0,5.2,,4.5,,2.56,7.87,7.75,9.7,5.0,2.37,1.44,1.44,,Arsenal_Aston Villa_2013,1,1,2013-08-17,2013,0,1
1,32,,1.44,1.41,5.0,4.54,5.0,,7.5,4.33,4.95,1.4,30,4.6,9.5,10.19,9.0,1.86,1.4,1.38,1.4,1.36,1.44,1.79,9.5,,7.3,4.2,9.35,4.4,1.36,9.5,4.88,,4.5,,2.12,8.88,8.25,10.0,4.62,2.02,1.42,1.4,,Liverpool_Stoke_2013,1,1,2013-08-17,2013,20,31
2,33,,3.35,3.32,3.4,3.27,3.4,,2.3,3.25,3.41,3.1,31,3.3,2.4,2.21,2.3,2.08,2.9,3.12,3.2,3.1,3.0,1.98,2.3,,2.3,3.3,2.35,3.3,3.0,2.4,3.41,,3.4,,1.91,2.31,2.3,2.4,3.27,1.82,3.81,3.12,,Norwich_Everton_2013,1,1,2013-08-17,2013,25,14
3,33,,2.3,2.25,3.4,3.3,3.4,,3.3,3.2,3.45,2.25,31,3.3,3.3,3.16,3.3,2.14,2.2,2.22,2.3,2.2,2.2,2.04,3.3,,3.2,3.25,3.58,3.2,2.25,3.4,3.37,,3.3,,1.84,3.29,3.25,3.58,3.23,1.77,2.52,2.3,,Sunderland_Fulham_2013,1,1,2013-08-17,2013,32,15
4,33,,4.33,4.1,3.5,3.4,3.6,,1.9,3.5,3.6,4.1,31,3.4,2.05,2.22,1.91,1.93,4.2,3.84,4.2,4.0,4.0,1.83,1.9,,1.8,3.5,2.03,3.5,4.0,2.0,3.52,,3.6,,2.06,1.99,1.87,2.1,3.41,1.98,3.62,3.8,,Swansea_Man United_2013,1,1,2013-08-17,2013,33,22
5,33,,2.43,2.42,3.4,3.33,3.4,,3.25,3.25,3.45,2.3,31,3.3,3.12,3.06,3.2,2.02,2.2,2.31,2.4,2.25,2.2,1.87,3.2,,3.1,3.3,3.21,3.3,2.25,3.2,3.38,,3.4,,2.02,3.07,3.1,3.3,3.3,1.93,2.56,2.4,,West Brom_Southampton_2013,1,1,2013-08-17,2013,36,30
6,33,,2.0,1.99,3.6,3.47,3.6,,4.0,3.4,3.65,1.91,31,3.5,4.0,3.84,3.8,2.0,1.9,1.94,2.0,1.95,1.9,1.89,4.0,,3.8,3.4,4.21,3.45,1.91,4.0,3.57,,3.5,,2.0,3.94,4.0,4.4,3.36,1.9,2.17,2.0,,West Ham_Cardiff_2013,1,1,2013-08-17,2013,37,9
7,32,,1.22,1.2,7.0,6.68,6.5,,15.0,6.25,7.7,1.19,22,6.0,15.0,16.25,15.0,1.59,1.2,1.19,1.2,1.2,1.2,1.53,15.0,,13.0,6.5,19.5,5.8,1.2,21.0,7.4,,6.5,,2.63,15.53,15.0,21.0,6.8,2.45,1.23,1.22,,Chelsea_Hull_2013,1,1,2013-08-18,2013,11,17
8,33,,5.2,5.16,3.75,3.61,3.75,,1.8,3.7,3.95,4.75,31,3.6,1.85,1.63,1.75,1.89,4.2,4.66,4.75,4.75,4.5,1.81,1.73,,1.8,3.5,1.8,3.5,4.8,1.83,3.69,,3.8,,2.12,1.77,1.72,1.85,3.88,1.99,6.73,4.5,,Crystal Palace_Tottenham_2013,1,1,2013-08-18,2013,12,34
9,30,,1.33,1.31,5.5,5.27,5.5,,10.0,5.25,5.86,1.3,27,5.5,10.5,14.02,10.0,1.68,1.3,1.3,1.33,1.29,1.28,1.6,10.0,,9.0,5.5,11.66,5.0,1.3,11.0,5.86,,5.25,,2.44,10.35,9.75,12.0,6.41,2.3,1.26,1.33,,Man City_Newcastle_2013,1,1,2013-08-19,2013,21,24
10,34,2.03,1.33,1.3,5.5,5.42,5.75,1.84,9.5,5.25,6.4,1.28,22,5.5,12.0,12.18,9.5,1.62,1.3,1.29,1.29,1.3,1.29,1.55,10.0,2.14,9.0,5.5,11.9,5.0,1.3,10.0,5.89,-1.5,5.25,21.0,2.56,10.17,10.0,14.0,6.48,2.38,1.28,1.29,1.88,Chelsea_Aston Villa_2013,2,2,2013-08-21,2013,11,1
11,34,2.04,1.91,1.81,3.6,3.42,3.5,1.84,4.5,3.4,3.65,1.8,32,3.3,4.8,4.28,4.6,2.32,1.8,1.83,1.83,1.85,1.83,2.19,4.8,2.09,4.2,3.4,5.16,3.5,1.8,5.0,3.65,-0.5,3.5,18.0,1.73,4.54,4.6,5.1,3.48,1.67,2.0,1.85,1.87,Stoke_Crystal Palace_2013,2,2,2013-08-24,2013,31,12
12,34,1.71,1.85,1.68,3.8,3.66,3.6,2.19,4.5,3.8,4.1,1.65,32,3.6,5.0,6.15,5.5,2.04,1.85,1.69,1.73,1.67,1.72,1.96,5.0,1.77,4.0,3.75,5.57,3.45,1.73,5.5,4.01,-1.0,3.6,20.0,1.93,5.16,5.0,5.63,4.01,1.84,1.65,1.75,2.25,Southampton_Sunderland_2013,2,2,2013-08-24,2013,30,32
13,34,1.7,2.32,2.31,3.4,3.29,3.4,2.21,3.3,3.2,3.4,2.25,31,3.3,3.3,3.57,3.3,2.05,2.1,2.22,2.3,2.2,2.2,1.98,3.3,1.74,3.3,3.3,3.41,3.3,2.2,3.4,3.4,-0.5,3.4,18.0,1.91,3.29,3.25,3.55,3.48,1.82,2.22,2.3,2.31,Newcastle_West Ham_2013,2,2,2013-08-24,2013,24,37
14,34,1.92,4.2,4.18,3.75,3.55,3.8,1.96,1.91,3.6,3.83,3.8,32,3.6,1.95,1.85,1.95,1.83,3.6,3.93,4.0,3.75,4.0,1.73,1.91,1.96,2.0,3.5,1.93,3.3,4.0,1.95,3.83,0.5,3.5,18.0,2.22,1.91,1.91,2.0,4.04,2.1,4.28,3.9,2.01,Aston Villa_Liverpool_2013,3,2,2013-08-24,2013,1,20
15,34,2.09,3.8,3.7,3.5,3.38,3.5,1.79,2.1,3.5,3.58,3.6,32,3.5,2.15,1.88,2.1,1.88,3.3,3.51,3.8,3.4,3.5,1.8,2.1,2.15,2.1,3.4,2.13,3.3,3.5,2.1,3.58,0.5,3.4,18.0,2.12,2.1,2.0,2.15,3.6,2.0,4.78,3.5,1.82,Fulham_Arsenal_2013,2,2,2013-08-24,2013,15,0
16,34,1.94,1.6,1.55,4.33,3.94,4.2,1.92,6.0,4.1,4.35,1.53,32,4.0,6.0,6.88,6.0,1.89,1.55,1.55,1.57,1.55,1.57,1.79,6.0,2.0,5.6,3.75,7.01,3.9,1.57,6.5,4.33,-1.0,4.0,21.0,2.1,6.27,6.0,7.1,4.13,2.02,1.58,1.6,2.05,Everton_West Brom_2013,2,2,2013-08-24,2013,14,36
17,34,2.21,2.5,2.44,3.4,3.25,3.25,1.68,2.9,3.25,3.4,2.4,32,3.1,3.1,3.36,3.1,2.3,2.4,2.39,2.45,2.4,2.4,2.17,3.0,2.38,2.75,3.3,3.15,3.3,2.4,3.1,3.4,0.0,3.3,18.0,1.79,3.01,2.95,3.33,3.3,1.69,2.37,2.5,1.71,Hull_Norwich_2013,2,2,2013-08-24,2013,17,25
18,34,1.73,8.5,7.99,4.75,4.39,4.75,2.16,1.45,4.2,4.9,8.25,30,4.5,1.45,1.43,1.4,1.72,7.0,7.32,8.5,7.5,6.5,1.66,1.44,1.78,1.45,4.5,1.46,4.0,7.0,1.44,4.75,1.0,4.5,21.0,2.44,1.44,1.42,1.47,4.91,2.21,8.67,7.5,2.24,Cardiff_Man City_2013,2,2,2013-08-25,2013,9,21
19,34,1.78,1.66,1.62,4.0,3.78,4.0,2.09,5.5,3.75,4.0,1.57,32,4.0,5.75,5.4,5.0,1.88,1.5,1.6,1.62,1.65,1.57,1.79,5.8,1.86,6.1,4.0,6.45,4.0,1.57,6.5,4.04,-1.0,4.0,20.0,2.15,5.95,6.25,6.58,3.67,2.02,1.78,1.65,2.22,Tottenham_Swansea_2013,2,2,2013-08-25,2013,34,33
20,32,1.8,2.5,2.48,3.4,3.33,3.5,2.09,3.1,3.4,3.51,2.3,30,3.5,2.9,3.4,2.8,1.85,2.2,2.38,2.45,2.4,2.37,1.78,3.13,1.83,3.2,3.2,3.02,3.2,2.25,3.1,3.51,-0.25,3.5,16.0,2.18,2.94,3.0,3.2,3.37,2.03,2.34,2.5,2.13,Man United_Chelsea_2013,2,3,2013-08-26,2013,22,11
21,35,1.78,3.06,3.06,3.3,3.27,3.4,2.06,2.55,3.25,3.4,2.85,33,3.3,2.6,2.58,2.5,2.06,2.6,2.84,3.0,2.8,2.7,1.98,2.5,1.83,2.6,3.3,2.53,3.2,2.8,2.55,3.35,0.0,3.3,18.0,1.9,2.5,2.45,2.62,3.28,1.82,2.97,2.9,2.16,Norwich_Southampton_2013,3,3,2013-08-31,2013,25,30
22,35,1.89,2.02,2.05,3.4,3.37,3.5,1.98,3.8,3.5,3.54,1.91,33,3.4,4.33,4.42,4.0,2.15,1.9,1.98,2.0,1.95,2.0,2.06,4.0,1.95,3.8,3.3,4.03,3.45,2.0,4.33,3.51,-0.5,3.3,18.0,1.85,3.92,3.9,4.35,3.44,1.76,1.98,1.95,2.02,West Ham_Stoke_2013,3,3,2013-08-31,2013,37,31
23,35,1.77,2.18,2.15,3.4,3.36,3.5,2.11,3.4,3.3,3.5,2.05,33,3.5,3.6,3.94,3.5,2.05,2.1,2.11,2.15,2.05,2.1,1.95,3.5,1.81,3.3,3.4,3.73,3.3,2.1,3.75,3.49,-0.5,3.4,18.0,1.92,3.49,3.6,3.75,3.39,1.85,2.12,2.15,2.17,Newcastle_Fulham_2013,3,3,2013-08-31,2013,24,15
24,35,2.06,1.2,1.19,8.5,7.53,8.0,1.82,15.0,7.25,8.52,1.16,23,7.0,19.0,21.01,17.0,1.53,1.2,1.16,1.17,1.17,1.16,1.46,19.0,2.12,13.0,7.5,18.58,5.8,1.17,19.0,8.04,-2.0,7.0,20.0,2.8,15.78,15.5,20.56,7.84,2.61,1.18,1.18,1.9,Man City_Hull_2013,3,3,2013-08-31,2013,21,17
25,35,2.08,2.6,2.54,3.3,3.22,3.25,1.78,2.7,3.25,3.35,2.55,33,3.25,3.0,3.26,2.9,2.26,2.4,2.49,2.6,2.45,2.5,2.15,2.88,2.17,2.85,3.3,3.09,3.2,2.5,3.0,3.31,0.0,3.25,18.0,1.76,2.89,2.75,3.1,3.24,1.69,2.48,2.6,1.87,Crystal Palace_Sunderland_2013,3,3,2013-08-31,2013,12,32
26,35,1.98,3.33,3.33,3.4,3.31,3.4,1.89,2.25,3.25,3.45,3.1,33,3.3,2.38,2.23,2.25,2.11,3.1,3.13,3.25,3.2,3.1,2.01,2.25,2.03,2.2,3.4,2.37,3.3,3.25,2.38,3.35,0.25,3.3,17.0,1.87,2.29,2.3,2.41,3.37,1.79,3.65,3.25,1.92,Cardiff_Everton_2013,3,3,2013-08-31,2013,9,14
27,34,1.8,2.17,2.15,3.7,3.46,3.7,2.09,3.2,3.5,3.7,2.0,32,3.3,3.5,3.79,3.5,1.76,2.0,2.08,2.1,2.1,2.1,1.7,3.5,1.83,3.5,3.6,3.52,3.4,2.05,3.6,3.7,-0.5,3.6,18.0,2.26,3.47,3.6,3.7,3.35,2.14,2.18,2.1,2.15,Arsenal_Tottenham_2013,3,3,2013-09-01,2013,0,34
28,34,2.05,2.64,2.59,3.4,3.28,3.4,1.81,2.62,3.3,3.4,2.6,32,3.2,2.88,3.62,2.8,1.94,2.6,2.52,2.63,2.6,2.62,1.85,2.63,2.12,2.6,3.25,2.98,3.2,2.63,2.88,3.36,0.0,3.4,18.0,2.02,2.81,2.65,2.98,3.09,1.95,2.38,2.62,1.86,Liverpool_Man United_2013,3,3,2013-09-01,2013,20,22
29,34,1.98,2.7,2.67,3.4,3.34,3.4,1.87,2.8,3.4,3.47,2.55,32,3.4,2.75,2.81,2.75,1.91,2.3,2.55,2.7,2.5,2.4,1.82,2.8,2.1,2.9,3.4,2.8,3.3,2.5,2.8,3.47,0.0,3.4,18.0,2.08,2.73,2.65,2.9,3.37,1.98,2.72,2.7,1.94,West Brom_Swansea_2013,3,3,2013-09-01,2013,36,33
30,36,1.65,1.47,1.46,4.75,4.33,4.75,2.28,6.5,4.25,4.75,1.42,34,3.6,7.5,8.61,8.5,1.81,1.45,1.44,1.45,1.5,1.44,1.72,7.5,1.69,7.0,4.5,8.27,4.0,1.4,8.0,4.71,-1.5,4.5,22.0,2.25,7.63,8.0,9.0,4.38,2.11,1.48,1.45,2.38,Tottenham_Norwich_2013,4,4,2013-09-14,2013,34,25
31,36,2.12,6.3,6.09,4.0,3.73,4.0,1.76,1.66,3.9,4.0,5.25,34,3.2,1.65,1.68,1.7,2.0,5.4,5.69,6.0,6.0,5.5,1.92,1.62,2.21,1.6,3.5,1.65,3.7,5.5,1.65,4.02,1.0,3.8,21.0,1.96,1.63,1.62,1.7,3.91,1.88,5.84,6.0,1.82,Stoke_Man City_2013,4,4,2013-09-14,2013,31,21
32,36,1.77,1.25,1.23,7.0,6.61,7.0,2.1,13.0,6.5,7.6,1.19,26,6.0,15.0,19.82,15.0,1.56,1.2,1.21,1.22,1.25,1.2,1.48,15.0,1.83,13.0,6.5,15.55,5.8,1.18,16.0,6.9,-2.0,7.0,21.0,2.76,13.66,14.0,18.0,8.08,2.58,1.18,1.22,2.17,Man United_Crystal Palace_2013,4,4,2013-09-14,2013,22,12
33,36,1.66,6.1,5.79,3.9,3.69,3.9,2.29,1.7,3.8,3.95,5.75,34,3.2,1.67,1.67,1.7,2.0,4.7,5.43,6.0,6.0,5.0,1.92,1.67,1.69,1.7,3.75,1.69,3.6,5.0,1.67,3.9,0.5,3.75,18.0,1.98,1.66,1.6,1.7,3.93,1.88,6.01,5.75,2.36,Sunderland_Arsenal_2013,4,4,2013-09-14,2013,32,0
34,36,2.06,2.2,2.14,3.5,3.33,3.5,1.82,3.5,3.4,3.5,2.15,34,3.1,3.7,3.43,3.5,2.01,2.1,2.11,2.15,2.2,2.1,1.94,3.6,2.12,3.3,3.3,3.69,3.3,2.1,3.6,3.54,-0.25,3.3,18.0,1.96,3.53,3.6,3.77,3.55,1.86,2.24,2.15,1.86,Fulham_West Brom_2013,4,4,2013-09-14,2013,15,36
35,36,2.29,3.6,3.27,3.3,3.28,3.4,1.66,2.05,3.4,3.41,3.4,34,3.1,2.3,2.26,2.4,2.12,3.6,3.22,3.4,3.4,3.5,2.02,2.2,2.39,2.0,3.4,2.39,3.3,3.4,2.35,3.38,0.5,3.3,18.0,1.87,2.27,2.2,2.38,3.49,1.79,3.42,3.3,1.69,Everton_Chelsea_2013,4,4,2013-09-14,2013,14,11
36,36,2.07,2.2,2.13,3.4,3.33,3.4,1.81,3.5,3.3,3.45,2.1,34,3.1,3.6,3.76,3.5,1.97,2.2,2.11,2.15,2.2,2.1,1.89,3.6,2.12,3.1,3.25,3.79,3.3,2.05,3.8,3.49,-0.25,3.4,18.0,2.0,3.54,3.5,3.87,3.49,1.9,2.14,2.15,1.83,Aston Villa_Newcastle_2013,4,4,2013-09-14,2013,1,24
37,36,1.83,2.5,2.46,3.25,3.19,3.3,2.04,3.2,3.2,3.35,2.4,32,3.0,3.25,3.92,3.0,2.35,2.4,2.38,2.45,2.5,2.3,2.24,3.0,1.88,2.75,3.2,3.27,3.3,2.4,3.25,3.25,-0.25,3.2,18.0,1.72,3.1,3.0,3.3,3.2,1.64,2.21,2.4,2.08,Hull_Cardiff_2013,4,4,2013-09-14,2013,17,9
38,36,2.09,1.9,1.8,3.6,3.5,3.5,1.78,4.33,3.7,3.65,1.83,34,3.4,5.0,5.9,4.5,2.11,1.9,1.82,1.85,1.85,1.85,2.01,4.5,2.16,3.8,3.5,5.08,3.45,1.83,4.75,3.74,-0.5,3.5,18.0,1.88,4.55,4.0,5.0,3.81,1.8,1.68,1.83,1.83,Southampton_West Ham_2013,4,4,2013-09-15,2013,30,37
39,33,2.18,3.6,3.48,3.5,3.34,3.5,1.72,2.1,3.4,3.5,3.6,30,3.3,2.2,2.49,2.25,2.08,3.6,3.37,3.5,3.2,3.4,1.97,2.2,2.27,2.0,3.4,2.25,3.3,3.4,2.2,3.47,0.5,3.3,16.0,1.91,2.17,2.15,2.26,3.3,1.82,3.17,3.4,1.75,Swansea_Liverpool_2013,4,4,2013-09-16,2013,33,20
40,36,2.01,1.33,1.28,5.75,5.41,5.75,1.85,10.0,5.5,5.9,1.25,31,5.0,13.0,13.5,12.0,1.68,1.3,1.29,1.3,1.33,1.3,1.61,12.0,2.1,9.0,5.5,13.6,5.0,1.29,12.0,6.0,-1.5,5.25,21.0,2.4,10.74,11.5,13.0,5.8,2.27,1.29,1.29,1.89,Chelsea_Fulham_2013,5,5,2013-09-21,2013,11,15
41,36,1.81,1.62,1.61,4.0,3.82,4.1,2.06,6.5,4.0,4.15,1.57,34,3.6,6.0,5.44,6.0,1.9,1.55,1.58,1.6,1.62,1.53,1.81,6.0,1.91,5.6,4.0,6.38,3.9,1.57,6.5,4.13,-1.0,4.0,21.0,2.08,6.18,5.75,7.0,3.74,1.99,1.76,1.62,2.15,Liverpool_Southampton_2013,5,5,2013-09-21,2013,20,30
42,36,1.82,1.85,1.83,3.5,3.47,3.6,2.05,4.8,3.4,3.7,1.75,34,3.2,4.75,5.85,5.0,2.18,1.85,1.8,1.85,1.83,1.75,2.04,4.5,1.88,4.0,3.6,4.97,3.45,1.83,5.0,3.65,-0.75,3.5,18.0,1.84,4.72,5.0,5.28,3.58,1.77,1.76,1.83,2.11,Newcastle_Hull_2013,5,5,2013-09-21,2013,24,17
43,36,1.81,2.47,2.44,3.4,3.3,3.4,2.06,2.9,3.3,3.4,2.4,34,3.3,3.1,3.25,3.2,2.04,2.2,2.37,2.4,2.4,2.4,1.91,3.0,1.85,3.1,3.3,3.13,3.3,2.3,3.2,3.44,-0.25,3.4,18.0,1.98,3.01,2.9,3.3,3.31,1.89,2.43,2.45,2.12,Norwich_Aston Villa_2013,5,5,2013-09-21,2013,25,1
44,34,1.83,2.1,2.07,3.4,3.33,3.5,2.04,3.6,3.4,3.5,1.95,34,3.0,3.9,3.72,4.0,2.14,2.0,2.03,2.05,2.1,2.1,2.02,3.75,1.87,3.6,3.3,3.97,3.3,2.0,4.2,3.5,-0.5,3.4,18.0,1.88,3.75,3.9,4.2,3.5,1.78,2.12,2.05,2.1,West Brom_Sunderland_2013,5,5,2013-09-21,2013,36,32
45,36,1.99,3.4,3.39,3.3,3.25,3.4,1.88,2.4,3.3,3.4,3.0,34,3.1,2.3,2.35,2.4,2.2,2.7,3.12,3.3,3.1,2.87,2.1,2.4,2.07,2.45,3.25,2.35,3.3,3.0,2.4,3.34,0.25,3.3,18.0,1.8,2.33,2.35,2.45,3.29,1.73,3.45,3.3,1.94,West Ham_Everton_2013,5,5,2013-09-21,2013,37,14
46,35,1.75,2.25,2.21,3.4,3.32,3.4,2.13,3.4,3.4,3.55,2.1,33,3.2,3.5,3.22,3.6,1.87,2.15,2.16,2.2,2.25,2.15,1.78,3.25,1.79,3.2,3.4,3.59,3.3,2.1,3.6,3.47,-0.5,3.4,18.0,2.15,3.42,3.4,3.65,3.24,2.03,2.31,2.2,2.2,Man City_Man United_2013,5,5,2013-09-22,2013,21,22
47,36,1.92,3.5,3.45,3.4,3.27,3.4,1.94,2.3,3.3,3.45,3.1,34,3.2,2.25,2.06,2.3,2.18,2.7,3.2,3.5,3.2,3.2,2.07,2.4,1.97,2.45,3.3,2.29,3.3,3.0,2.25,3.4,0.25,3.3,18.0,1.81,2.25,2.3,2.45,3.53,1.74,3.98,3.5,2.0,Crystal Palace_Swansea_2013,5,5,2013-09-22,2013,12,33
48,36,1.84,1.4,1.36,5.25,4.88,5.25,2.02,9.0,4.75,5.4,1.35,34,4.5,10.5,9.05,10.0,1.75,1.35,1.35,1.36,1.4,1.36,1.7,9.0,1.91,7.6,4.5,10.95,4.8,1.36,10.0,5.25,-1.5,4.8,21.0,2.28,9.25,8.75,11.0,4.78,2.13,1.43,1.36,2.06,Arsenal_Stoke_2013,5,5,2013-09-22,2013,0,31
49,36,1.88,4.76,4.57,3.6,3.43,3.6,1.98,1.9,3.6,3.65,4.25,33,3.2,1.91,2.02,1.91,2.04,4.2,4.32,4.5,4.5,4.0,1.95,1.9,1.92,1.8,3.4,1.9,3.5,4.33,1.91,3.63,0.5,3.5,16.0,1.92,1.88,1.8,1.92,3.37,1.84,3.83,4.4,2.04,Cardiff_Tottenham_2013,5,5,2013-09-22,2013,9,34
50,37,1.92,7.5,6.87,4.2,3.97,4.3,1.94,1.53,4.1,4.3,7.0,33,3.6,1.57,1.52,1.57,1.78,5.6,6.6,6.5,6.5,6.5,1.69,1.5,1.98,1.55,4.0,1.57,3.9,7.0,1.57,4.2,1.0,4.0,21.0,2.32,1.53,1.48,1.57,4.47,2.14,7.36,6.5,2.0,Aston Villa_Man City_2013,6,6,2013-09-28,2013,1,21
51,37,2.09,2.15,2.09,3.4,3.32,3.4,1.79,3.4,3.3,3.45,2.0,35,3.2,3.8,3.85,3.6,2.12,1.9,2.07,2.1,2.1,2.15,2.02,3.8,2.16,3.8,3.4,3.98,3.45,2.1,3.9,3.43,-0.25,3.4,19.0,1.86,3.66,3.8,3.98,3.4,1.78,2.14,2.1,1.82,Fulham_Cardiff_2013,6,6,2013-09-28,2013,15,9
52,37,1.85,2.42,2.41,3.3,3.2,3.3,2.02,3.0,3.2,3.3,2.35,35,3.1,3.25,3.67,3.1,2.34,2.3,2.34,2.38,2.4,2.37,2.21,3.25,1.89,3.0,3.25,3.31,3.2,2.3,3.3,3.3,-0.25,3.25,19.0,1.73,3.16,3.1,3.4,3.3,1.66,2.28,2.4,2.08,Hull_West Ham_2013,6,6,2013-09-28,2013,17,37
53,37,1.94,1.31,1.29,5.75,5.44,5.75,1.92,11.0,5.75,6.2,1.26,30,5.0,11.0,11.59,11.0,1.65,1.27,1.29,1.3,1.3,1.28,1.58,12.0,2.0,10.0,5.5,12.65,5.2,1.29,12.0,5.93,-1.5,5.25,21.0,2.5,10.38,10.0,12.65,5.64,2.32,1.32,1.3,1.98,Man United_West Brom_2013,6,6,2013-09-28,2013,22,36
54,37,2.18,1.5,1.47,4.5,4.21,4.5,1.72,7.0,4.2,4.55,1.45,35,3.75,9.0,8.69,7.5,1.96,1.5,1.45,1.45,1.5,1.5,1.87,7.5,2.25,6.1,4.0,8.77,4.0,1.5,8.5,4.44,-1.0,4.0,21.0,2.02,7.7,7.25,9.0,4.49,1.93,1.47,1.44,1.79,Southampton_Crystal Palace_2013,6,6,2013-09-28,2013,30,12
55,37,1.68,3.4,3.17,3.4,3.32,3.3,2.22,2.3,3.4,3.45,3.1,35,3.2,2.4,2.41,2.4,1.86,3.3,3.11,3.2,3.3,3.2,1.78,2.3,1.73,2.1,3.3,2.42,3.3,3.4,2.38,3.43,0.0,3.2,18.0,2.12,2.31,2.25,2.42,3.47,2.03,3.15,3.25,2.3,Swansea_Arsenal_2013,6,6,2013-09-28,2013,33,0
56,36,2.01,2.8,2.65,3.3,3.19,3.3,1.84,2.7,3.3,3.38,2.65,34,3.0,2.9,3.04,2.9,2.18,2.6,2.61,2.7,2.8,2.7,2.05,2.63,2.09,2.6,3.25,2.88,3.2,2.63,2.88,3.38,0.0,3.25,18.0,1.82,2.77,2.6,2.91,3.24,1.76,2.61,2.6,1.88,Tottenham_Chelsea_2013,6,6,2013-09-28,2013,34,11
57,37,1.91,2.05,1.97,3.4,3.32,3.4,1.96,4.0,3.3,3.47,1.95,35,3.25,4.3,4.37,4.33,2.35,1.9,1.96,1.95,2.0,1.95,2.23,4.0,1.97,3.8,3.3,4.46,3.45,1.95,4.5,3.47,-0.5,3.4,18.0,1.71,4.09,4.0,4.51,3.47,1.64,1.99,2.0,2.0,Stoke_Norwich_2013,6,6,2013-09-29,2013,31,25
58,37,2.2,5.7,5.62,3.9,3.71,3.9,1.7,1.66,3.8,4.0,5.0,35,3.5,1.67,1.66,1.75,2.04,5.0,5.3,5.5,5.5,5.5,1.93,1.67,2.26,1.67,3.5,1.69,3.55,5.5,1.7,3.99,1.0,3.6,19.0,1.93,1.67,1.65,1.75,4.12,1.86,5.75,5.5,1.76,Sunderland_Liverpool_2013,6,6,2013-09-29,2013,32,20
59,34,1.76,1.67,1.63,4.0,3.76,4.0,2.12,5.5,3.9,4.1,1.6,32,3.75,6.0,6.36,6.0,1.91,1.65,1.61,1.65,1.67,1.62,1.83,6.0,1.86,5.1,3.75,6.22,3.6,1.57,6.0,4.06,-1.0,4.0,19.0,2.06,5.74,5.5,6.5,4.4,1.97,1.57,1.65,2.19,Everton_Newcastle_2013,6,6,2013-09-30,2013,14,24
60,36,1.77,1.68,1.66,4.2,3.88,4.2,2.11,5.5,4.0,4.2,1.62,34,3.5,5.5,6.23,5.5,1.76,1.6,1.64,1.67,1.67,1.61,1.69,5.5,1.84,5.4,3.8,5.61,3.7,1.62,5.5,4.2,-1.0,4.0,22.0,2.26,5.29,5.0,5.8,4.16,2.15,1.61,1.65,2.17,Man City_Everton_2013,7,7,2013-10-05,2013,21,14
61,36,1.85,1.23,1.23,7.5,6.48,7.0,2.02,13.0,6.5,7.6,1.2,25,5.5,15.0,20.0,15.0,1.6,1.22,1.21,1.2,1.22,1.22,1.51,17.0,1.9,12.0,6.0,15.66,5.5,1.2,17.0,7.04,-2.0,6.25,20.0,2.68,14.01,13.0,17.0,7.8,2.47,1.19,1.22,2.09,Liverpool_Crystal Palace_2013,7,7,2013-10-05,2013,20,12
62,36,2.24,2.44,2.42,3.3,3.2,3.3,1.66,3.25,3.3,3.3,2.3,34,3.1,3.2,2.98,3.1,2.26,2.2,2.36,2.4,2.4,2.2,2.15,3.2,2.33,3.2,3.3,3.36,3.2,2.3,3.3,3.23,0.0,3.3,19.0,1.76,3.12,3.1,3.4,3.24,1.69,2.67,2.45,1.72,Fulham_Stoke_2013,7,7,2013-10-05,2013,15,31
63,36,2.25,2.45,2.41,3.4,3.29,3.4,1.66,3.0,3.4,3.4,2.3,34,3.1,3.1,3.17,3.1,2.08,2.2,2.36,2.45,2.4,2.37,1.98,3.13,2.33,3.1,3.3,3.25,3.3,2.3,3.1,3.37,0.0,3.3,19.0,1.91,3.05,3.0,3.25,3.45,1.83,2.42,2.45,1.7,Cardiff_Newcastle_2013,7,7,2013-10-05,2013,9,24
64,36,2.15,6.2,5.85,4.0,3.8,4.1,1.73,1.6,4.0,4.1,5.5,34,3.5,1.62,1.55,1.67,1.96,5.6,5.58,6.0,5.5,5.5,1.87,1.57,2.22,1.55,4.0,1.66,3.9,6.0,1.65,4.04,1.0,4.0,21.0,2.0,1.63,1.57,1.68,4.53,1.93,6.49,6.0,1.79,Sunderland_Man United_2013,7,7,2013-10-05,2013,32,22
65,36,2.23,2.5,2.38,3.3,3.26,3.25,1.67,2.9,3.2,3.4,2.35,34,3.0,3.12,3.6,3.0,2.18,2.4,2.36,2.45,2.5,2.4,2.09,3.13,2.35,2.75,3.25,3.32,3.3,2.38,3.2,3.35,0.0,3.3,20.0,1.81,3.07,3.1,3.35,3.17,1.73,2.34,2.5,1.72,Hull_Aston Villa_2013,7,7,2013-10-05,2013,17,1
66,35,1.67,1.45,1.44,4.75,4.43,4.75,2.22,8.0,4.4,4.9,1.42,33,4.0,8.5,8.23,8.0,1.87,1.45,1.42,1.44,1.44,1.4,1.77,8.0,1.72,7.0,4.5,8.5,4.0,1.4,8.5,4.77,-1.5,4.5,21.0,2.11,7.96,7.75,9.0,4.29,2.05,1.44,1.44,2.3,Tottenham_West Ham_2013,7,7,2013-10-06,2013,34,37
67,35,2.4,5.0,4.8,4.0,3.73,4.0,1.59,1.8,3.8,4.0,4.6,33,3.75,1.75,1.71,1.8,1.76,4.5,4.54,4.9,4.8,4.2,1.69,1.73,2.5,1.75,3.75,1.81,3.5,4.5,1.75,3.87,1.0,3.8,16.0,2.3,1.76,1.7,1.82,4.09,2.16,5.16,4.8,1.64,West Brom_Arsenal_2013,7,7,2013-10-06,2013,36,0
68,34,2.03,6.5,6.46,4.0,3.9,4.1,1.84,1.57,4.1,4.2,6.0,32,3.8,1.62,1.59,1.62,1.96,5.4,6.02,6.5,6.5,6.0,1.89,1.57,2.08,1.6,3.8,1.6,3.7,6.0,1.62,4.18,1.0,3.8,20.0,2.02,1.58,1.53,1.63,4.36,1.91,6.21,6.0,1.89,Norwich_Chelsea_2013,7,7,2013-10-06,2013,25,11
69,34,1.85,2.1,2.05,3.5,3.36,3.4,2.02,3.75,3.4,3.5,2.05,32,3.1,3.9,3.63,3.75,2.0,2.0,2.04,2.1,2.1,2.0,1.92,3.8,1.88,3.6,3.4,4.11,3.3,2.0,3.8,3.45,-0.5,3.4,17.0,1.98,3.72,3.5,4.11,3.33,1.88,2.26,2.1,2.06,Southampton_Swansea_2013,7,7,2013-10-06,2013,30,33
70,38,2.21,5.8,5.7,3.8,3.65,3.8,1.7,1.66,3.8,3.9,5.0,37,3.3,1.73,1.66,1.73,1.88,5.1,5.32,5.5,5.5,5.0,1.79,1.67,2.27,1.65,3.75,1.7,3.6,5.0,1.73,3.88,1.0,3.8,22.0,2.1,1.68,1.65,1.73,4.27,2.01,5.42,5.4,1.76,West Ham_Man City_2013,8,8,2013-10-19,2013,37,21
71,38,1.9,1.62,1.57,4.0,3.89,4.1,1.96,5.5,3.9,4.16,1.55,37,4.0,6.25,6.95,6.0,1.91,1.6,1.57,1.62,1.55,1.61,1.82,6.0,1.96,5.4,3.8,6.95,3.7,1.57,6.5,4.17,-1.0,4.0,23.0,2.06,6.19,6.0,6.91,4.27,1.98,1.55,1.62,2.05,Swansea_Sunderland_2013,8,8,2013-10-19,2013,33,32
72,38,1.95,2.4,2.26,3.3,3.21,3.3,1.91,3.2,3.2,3.36,2.25,37,3.1,3.5,3.03,3.1,2.33,2.1,2.26,2.3,2.38,2.3,2.22,3.4,2.01,3.3,3.25,3.57,3.3,2.2,3.5,3.36,-0.25,3.3,21.0,1.73,3.31,3.25,3.57,3.3,1.65,2.59,2.3,1.97,Stoke_West Brom_2013,8,8,2013-10-19,2013,31,36
73,38,2.03,4.58,4.55,3.9,3.65,3.9,1.84,1.85,3.75,3.93,4.2,37,3.6,1.85,1.9,1.83,1.73,4.0,4.31,4.5,4.2,4.2,1.68,1.83,2.07,1.85,3.6,1.83,3.45,4.0,1.83,3.92,0.75,3.8,20.0,2.32,1.82,1.78,1.87,3.99,2.17,4.12,4.4,1.89,Newcastle_Liverpool_2013,8,8,2013-10-19,2013,24,20
74,38,2.17,1.26,1.24,6.5,6.03,6.5,1.72,10.0,5.75,7.0,1.23,30,5.0,15.0,12.0,15.0,1.61,1.25,1.24,1.25,1.25,1.25,1.54,15.0,2.3,10.3,6.0,15.5,5.5,1.22,15.0,6.71,-1.5,6.0,23.0,2.58,12.82,13.0,16.0,5.8,2.4,1.3,1.25,1.76,Chelsea_Cardiff_2013,8,8,2013-10-19,2013,11,9
75,38,2.15,1.5,1.46,4.5,4.2,4.4,1.74,7.5,4.2,4.57,1.42,37,4.0,7.5,7.74,8.0,1.91,1.5,1.44,1.45,1.44,1.45,1.83,7.5,2.22,6.1,4.2,8.74,4.0,1.44,9.0,4.57,-1.0,4.33,22.0,2.06,8.07,8.25,9.0,4.34,1.97,1.51,1.45,1.79,Everton_Hull_2013,8,8,2013-10-19,2013,14,17
76,38,1.98,1.33,1.29,6.0,5.39,5.5,1.88,9.5,5.5,6.0,1.25,30,5.0,10.5,11.5,11.0,1.66,1.27,1.29,1.29,1.3,1.28,1.58,11.0,2.05,10.0,5.5,12.88,5.2,1.29,12.0,5.87,-1.5,5.5,24.0,2.46,10.72,12.0,13.0,6.08,2.3,1.3,1.3,1.92,Arsenal_Norwich_2013,8,8,2013-10-19,2013,0,25
77,38,1.89,1.6,1.58,4.33,4.02,4.33,1.97,6.5,4.1,4.4,1.5,37,3.75,6.25,6.71,6.0,1.81,1.45,1.55,1.57,1.57,1.5,1.74,6.5,1.95,7.0,4.2,6.57,4.0,1.53,6.5,4.23,-1.0,4.0,23.0,2.22,6.2,6.5,7.0,4.56,2.08,1.53,1.57,2.03,Man United_Southampton_2013,8,8,2013-10-19,2013,22,30
78,38,1.99,4.2,4.12,3.5,3.4,3.6,1.87,2.0,3.5,3.6,3.75,37,3.2,2.05,2.07,2.05,2.04,3.8,3.86,4.0,3.75,3.75,1.92,1.91,2.03,1.9,3.4,2.02,3.45,4.0,2.05,3.54,0.5,3.5,20.0,1.94,1.98,1.95,2.05,3.44,1.86,4.06,3.9,1.92,Aston Villa_Tottenham_2013,8,8,2013-10-20,2013,1,34
79,36,1.92,2.75,2.71,3.3,3.21,3.3,1.92,2.62,3.3,3.37,2.65,35,3.0,2.8,2.61,2.75,2.18,2.75,2.65,2.75,2.75,2.62,2.08,2.75,1.98,2.4,3.3,2.82,3.3,2.63,2.8,3.37,0.0,3.25,18.0,1.81,2.69,2.6,2.86,3.4,1.73,2.92,2.75,1.97,Crystal Palace_Fulham_2013,8,8,2013-10-21,2013,12,15
80,38,1.93,3.47,3.46,3.4,3.3,3.5,1.95,2.25,3.3,3.52,3.4,37,3.0,2.3,2.3,2.3,1.95,3.1,3.3,3.4,3.4,3.2,1.88,2.2,1.97,2.2,3.25,2.23,3.3,3.3,2.3,3.52,0.25,3.4,19.0,2.01,2.22,2.15,2.3,3.44,1.91,3.39,3.3,2.0,Aston Villa_Everton_2013,9,9,2013-10-26,2013,1,14
81,38,2.05,11.0,9.85,5.0,4.82,5.25,1.8,1.36,5.0,5.25,8.5,37,4.5,1.36,1.29,1.36,1.67,7.6,8.85,11.0,9.0,8.0,1.61,1.36,2.13,1.35,4.5,1.38,4.8,8.5,1.36,5.2,1.5,4.8,21.0,2.4,1.36,1.33,1.4,5.91,2.28,13.5,9.5,1.84,Crystal Palace_Arsenal_2013,9,9,2013-10-26,2013,12,0
82,38,1.72,1.45,1.43,4.75,4.66,5.0,2.16,7.5,4.75,5.04,1.36,30,4.5,8.0,8.07,6.5,1.62,1.37,1.41,1.44,1.44,1.4,1.55,8.5,1.77,7.5,4.5,8.23,4.6,1.36,8.0,4.96,-1.5,4.8,21.0,2.53,7.61,8.25,8.5,5.13,2.36,1.43,1.44,2.25,Liverpool_West Brom_2013,9,9,2013-10-26,2013,20,36
83,38,1.86,1.36,1.34,5.5,5.02,5.2,1.99,9.0,5.0,5.5,1.34,37,4.33,10.0,11.53,10.0,1.79,1.3,1.32,1.33,1.36,1.36,1.72,10.0,1.92,9.0,4.5,11.8,5.0,1.33,11.0,5.35,-1.5,4.8,22.0,2.2,9.83,8.5,12.0,5.89,2.09,1.31,1.33,2.06,Man United_Stoke_2013,9,9,2013-10-26,2013,22,31
84,38,2.01,2.25,2.17,3.4,3.28,3.4,1.86,3.4,3.4,3.4,2.15,37,3.1,3.6,4.23,3.4,2.16,2.1,2.16,2.2,2.25,2.15,2.04,3.5,2.08,3.3,3.3,3.81,3.3,2.1,3.6,3.36,-0.25,3.4,19.0,1.81,3.45,3.3,3.81,3.53,1.75,2.0,2.2,1.92,Norwich_Cardiff_2013,9,9,2013-10-26,2013,25,9
85,38,1.86,1.65,1.61,4.0,3.78,4.0,2.0,5.5,3.8,4.18,1.57,37,3.4,6.0,6.08,6.0,1.95,1.6,1.59,1.62,1.65,1.61,1.87,6.25,1.91,5.4,3.75,6.2,3.7,1.57,6.5,4.18,-1.0,3.8,21.0,2.03,6.12,6.0,6.5,4.2,1.91,1.62,1.65,2.06,Southampton_Fulham_2013,9,9,2013-10-26,2013,30,15
86,36,1.69,1.44,1.43,4.75,4.37,4.75,2.21,7.5,4.2,4.77,1.4,35,4.0,8.5,12.81,8.0,1.89,1.4,1.41,1.44,1.44,1.4,1.81,7.5,1.75,7.3,4.5,9.15,4.4,1.44,8.0,4.77,-1.5,4.33,19.0,2.05,8.03,8.75,9.15,4.95,1.98,1.35,1.44,2.29,Tottenham_Hull_2013,9,9,2013-10-27,2013,34,17
87,38,1.85,2.44,2.44,3.4,3.31,3.5,2.03,2.9,3.3,3.5,2.35,37,3.0,3.12,3.58,3.2,1.84,2.2,2.36,2.38,2.4,2.37,1.76,3.0,1.89,3.1,3.3,3.15,3.3,2.3,3.2,3.41,-0.25,3.5,18.0,2.13,3.03,2.95,3.25,3.34,2.04,2.25,2.38,2.08,Chelsea_Man City_2013,9,9,2013-10-27,2013,11,21
88,38,1.83,2.94,2.91,3.3,3.27,3.4,2.02,2.6,3.3,3.42,2.65,37,3.0,2.6,2.63,2.62,1.95,2.75,2.78,2.9,2.9,2.7,1.84,2.6,1.88,2.4,3.3,2.61,3.3,2.75,2.63,3.42,0.0,3.3,19.0,2.05,2.56,2.6,2.65,3.38,1.94,2.91,2.9,2.09,Sunderland_Newcastle_2013,9,9,2013-10-27,2013,32,24
89,36,1.96,1.75,1.71,3.8,3.65,3.75,1.92,4.6,3.8,3.98,1.65,35,3.4,5.2,4.95,5.0,1.91,1.75,1.71,1.75,1.75,1.75,1.83,5.0,2.02,4.5,3.6,5.36,3.5,1.67,5.25,3.98,-0.75,3.8,17.0,2.05,4.98,5.0,5.5,4.01,1.95,1.76,1.75,1.97,Swansea_West Ham_2013,9,9,2013-10-27,2013,33,37
90,37,1.99,1.6,1.53,4.2,4.02,4.33,1.88,6.0,4.2,4.34,1.5,35,3.75,6.5,6.67,6.0,1.83,1.57,1.54,1.55,1.57,1.6,1.75,6.25,2.06,5.6,3.6,7.35,3.75,1.53,7.0,4.34,-1.0,4.0,21.0,2.15,6.32,6.25,7.35,4.32,2.06,1.56,1.57,1.93,West Brom_Crystal Palace_2013,10,10,2013-11-02,2013,36,12
91,37,2.03,3.4,3.36,3.3,3.17,3.2,1.85,2.4,3.1,3.4,3.2,33,3.1,2.45,2.59,2.4,2.54,2.85,3.11,3.3,3.1,2.87,2.36,2.3,2.08,2.35,3.3,2.41,3.3,3.3,2.4,3.25,0.25,3.13,19.0,1.65,2.36,2.35,2.45,3.22,1.57,3.1,3.3,1.9,Stoke_Southampton_2013,10,10,2013-11-02,2013,31,30
92,37,2.0,2.25,2.18,3.5,3.29,3.5,1.87,3.2,3.4,3.5,2.15,35,3.2,3.4,3.81,3.3,2.06,2.1,2.16,2.25,2.25,2.2,1.95,3.5,2.07,3.3,3.4,3.68,3.3,2.1,3.4,3.45,-0.25,3.4,19.0,1.91,3.38,3.3,3.68,3.47,1.84,2.14,2.25,1.9,West Ham_Aston Villa_2013,10,10,2013-11-02,2013,37,1
93,37,2.04,6.2,5.93,4.2,3.89,4.1,1.83,1.6,4.0,4.2,5.5,35,3.4,1.65,1.59,1.67,1.85,5.1,5.62,6.0,6.0,5.5,1.75,1.62,2.1,1.65,4.0,1.64,3.6,5.5,1.62,4.17,1.0,4.0,21.0,2.19,1.61,1.57,1.67,4.45,2.06,6.02,5.5,1.87,Newcastle_Chelsea_2013,10,10,2013-11-02,2013,24,11
94,37,1.82,1.22,1.18,7.5,6.83,7.5,2.05,13.0,7.5,8.05,1.17,26,6.0,17.0,19.45,15.0,1.57,1.17,1.19,1.2,1.2,1.2,1.5,19.0,1.87,14.0,6.5,21.16,6.5,1.18,18.0,7.9,-2.0,6.5,20.0,2.62,14.48,13.0,21.56,7.99,2.47,1.19,1.2,2.14,Man City_Norwich_2013,10,10,2013-11-02,2013,21,25
95,37,1.78,2.2,2.17,3.4,3.28,3.3,2.11,3.5,3.3,3.4,2.05,35,3.3,3.75,3.44,3.3,2.34,2.0,2.12,2.15,2.2,2.1,2.2,3.75,1.84,3.6,3.3,3.86,3.3,2.1,3.8,3.33,-0.5,3.25,19.0,1.75,3.58,3.6,3.89,3.22,1.66,2.38,2.2,2.19,Hull_Sunderland_2013,10,10,2013-11-02,2013,17,32
96,37,1.97,6.79,6.79,4.2,3.91,4.2,1.89,1.61,4.1,4.28,5.75,35,3.4,1.62,1.51,1.62,1.81,5.6,6.03,6.5,6.5,5.5,1.74,1.57,2.02,1.55,3.8,1.56,3.9,5.5,1.57,4.28,1.0,4.2,21.0,2.17,1.58,1.55,1.62,4.86,2.07,6.69,6.0,1.95,Fulham_Man United_2013,10,10,2013-11-02,2013,15,22
97,37,1.9,2.34,2.34,3.5,3.35,3.5,1.97,3.2,3.4,3.5,2.15,33,3.0,3.4,3.74,3.4,1.72,2.2,2.26,2.3,2.3,2.2,1.65,3.2,1.95,3.1,3.4,3.34,3.3,2.25,3.3,3.4,-0.25,3.4,19.0,2.3,3.18,3.25,3.4,3.53,2.2,2.12,2.25,2.01,Arsenal_Liverpool_2013,10,10,2013-11-02,2013,0,20
98,37,1.92,3.55,3.55,3.4,3.29,3.4,1.95,2.3,3.3,3.4,3.1,35,3.0,2.3,2.38,2.3,2.11,2.9,3.24,3.4,3.4,3.0,2.02,2.3,1.96,2.3,3.4,2.25,3.3,3.13,2.3,3.39,0.25,3.3,19.0,1.82,2.25,2.3,2.31,3.33,1.78,3.34,3.4,2.01,Cardiff_Swansea_2013,10,10,2013-11-03,2013,9,33
99,37,1.78,2.54,2.54,3.4,3.27,3.4,2.12,2.87,3.3,3.43,2.4,35,3.0,3.0,3.59,3.0,2.08,2.5,2.44,2.5,2.5,2.4,1.98,2.88,1.81,2.65,3.3,2.99,3.3,2.5,3.0,3.43,-0.25,3.3,19.0,1.89,2.92,2.9,3.06,3.41,1.81,2.23,2.5,2.19,Everton_Tottenham_2013,10,10,2013-11-03,2013,14,34
100,37,2.08,2.63,2.57,3.3,3.22,3.3,1.79,2.9,3.25,3.3,2.4,35,3.1,3.0,3.43,2.8,2.25,2.4,2.51,2.63,2.62,2.4,2.12,2.88,2.16,2.85,3.3,3.09,3.2,2.5,2.9,3.26,0.0,3.3,18.0,1.78,2.87,2.95,3.1,3.4,1.7,2.3,2.55,1.85,Norwich_West Ham_2013,11,11,2013-11-09,2013,25,37
101,37,2.25,1.27,1.27,6.5,5.93,6.5,1.66,12.0,5.5,6.5,1.26,26,5.0,15.0,15.75,15.0,1.55,1.25,1.24,1.25,1.25,1.25,1.48,13.0,2.33,10.3,5.5,14.18,5.5,1.22,15.0,6.25,-1.5,6.0,19.0,2.75,12.64,11.0,15.0,7.8,2.54,1.21,1.25,1.71,Liverpool_Fulham_2013,11,11,2013-11-09,2013,20,15
102,37,1.86,1.6,1.56,3.8,3.73,3.9,2.01,6.5,3.9,4.0,1.53,33,3.6,7.5,7.69,6.5,2.31,1.53,1.56,1.62,1.6,1.57,2.19,7.0,1.9,6.0,3.6,7.82,3.85,1.53,7.0,3.96,-1.0,3.8,20.0,1.73,6.8,6.5,7.5,3.89,1.65,1.58,1.57,2.05,Southampton_Hull_2013,11,11,2013-11-09,2013,30,17
103,37,1.96,1.32,1.31,6.0,5.4,5.75,1.9,10.0,5.5,6.0,1.28,28,5.0,11.0,11.26,11.0,1.63,1.27,1.29,1.29,1.3,1.28,1.57,11.0,2.11,10.0,5.5,11.83,5.2,1.29,12.0,5.75,-1.5,5.5,21.0,2.5,10.49,9.75,12.15,6.03,2.32,1.3,1.3,1.96,Chelsea_West Brom_2013,11,11,2013-11-09,2013,11,36
104,37,1.89,2.05,2.01,3.5,3.33,3.5,2.0,3.75,3.4,3.5,1.91,35,3.1,4.2,3.6,4.0,2.25,2.0,1.98,2.0,2.05,1.95,2.09,4.0,1.92,3.6,3.5,4.25,3.3,1.91,4.2,3.48,-0.5,3.5,18.0,1.83,3.96,4.0,4.27,3.34,1.73,2.26,2.0,2.03,Aston Villa_Cardiff_2013,11,11,2013-11-09,2013,1,9
105,37,2.08,6.5,6.32,4.0,3.82,4.1,1.81,1.53,3.8,4.1,6.0,35,3.6,1.62,1.76,1.62,1.94,5.2,5.97,6.5,6.0,6.5,1.85,1.53,2.13,1.6,4.0,1.62,3.8,6.5,1.62,4.05,1.0,4.0,20.0,2.04,1.59,1.57,1.63,3.91,1.94,5.13,6.0,1.91,Crystal Palace_Everton_2013,11,11,2013-11-09,2013,12,14
106,37,1.92,2.4,2.28,3.5,3.35,3.5,1.96,3.2,3.3,3.52,2.2,35,3.5,3.25,3.31,3.25,1.83,2.0,2.26,2.35,2.15,2.2,1.75,3.2,1.96,3.6,3.4,3.36,3.3,2.2,3.2,3.52,-0.25,3.5,18.0,2.15,3.16,3.25,3.6,3.51,2.06,2.31,2.3,2.0,Man United_Arsenal_2013,11,11,2013-11-10,2013,22,0
107,37,2.11,9.0,8.97,5.0,4.7,5.0,1.76,1.4,5.0,5.0,8.25,28,4.75,1.4,1.5,1.4,1.65,7.3,8.0,9.0,7.5,7.5,1.59,1.4,2.2,1.4,4.5,1.41,4.4,8.0,1.4,5.06,1.5,4.5,21.0,2.45,1.39,1.34,1.42,4.35,2.28,6.57,8.5,1.82,Sunderland_Man City_2013,11,11,2013-11-10,2013,32,21
108,37,1.92,2.05,2.0,3.4,3.31,3.5,1.95,4.5,3.3,3.5,1.87,33,3.4,4.4,4.32,4.0,2.32,1.85,1.94,2.0,1.95,1.83,2.19,4.33,1.96,4.0,3.4,4.35,3.45,1.91,4.33,3.45,-0.5,3.3,18.0,1.73,4.15,4.4,4.5,3.35,1.66,2.04,1.95,2.0,Swansea_Stoke_2013,11,11,2013-11-10,2013,33,31
109,37,1.98,1.57,1.54,4.33,4.02,4.33,1.89,6.5,4.2,4.36,1.5,35,3.8,7.0,7.28,6.0,1.9,1.53,1.53,1.57,1.57,1.5,1.79,6.5,2.02,6.0,4.2,7.15,3.85,1.5,6.5,4.32,-1.0,4.33,20.0,2.1,6.49,6.25,7.12,4.37,2.0,1.53,1.53,1.94,Tottenham_Newcastle_2013,11,11,2013-11-10,2013,34,24
110,37,1.8,2.15,2.13,3.3,3.21,3.3,2.09,3.75,3.3,3.45,2.0,33,3.0,3.9,4.25,3.8,2.43,1.9,2.08,2.15,2.15,2.15,2.29,3.75,1.84,3.8,3.1,4.17,3.45,2.1,3.9,3.21,-0.5,3.25,19.0,1.65,3.79,3.8,4.17,3.17,1.6,2.13,2.15,2.13,Stoke_Sunderland_2013,12,12,2013-11-23,2013,31,32
111,37,1.85,1.67,1.61,4.2,3.88,4.1,2.01,6.0,4.1,4.21,1.57,35,3.3,6.25,6.62,6.0,1.93,1.55,1.6,1.62,1.67,1.57,1.84,5.5,1.9,5.6,4.0,6.18,3.9,1.62,6.0,4.21,-1.0,4.0,21.0,2.03,5.82,5.5,6.25,4.23,1.95,1.58,1.62,2.08,Arsenal_Southampton_2013,12,12,2013-11-23,2013,0,30
112,37,1.79,3.02,2.99,3.4,3.27,3.4,2.07,2.5,3.25,3.4,2.85,35,2.9,2.6,2.63,2.62,1.92,2.75,2.85,3.0,3.0,2.8,1.87,2.4,1.83,2.5,3.3,2.56,3.2,2.88,2.5,3.4,0.0,3.4,20.0,2.03,2.5,2.45,2.63,3.38,1.93,2.9,2.9,2.14,Everton_Liverpool_2013,12,12,2013-11-23,2013,14,20
113,37,1.95,3.56,3.48,3.3,3.25,3.3,1.93,2.37,3.3,3.4,3.1,35,3.1,2.4,2.27,2.4,2.25,2.9,3.2,3.3,3.1,3.0,2.12,2.38,1.97,2.3,3.25,2.34,3.3,3.13,2.38,3.27,0.25,3.2,19.0,1.77,2.3,2.25,2.4,3.53,1.71,3.38,3.3,1.98,Fulham_Swansea_2013,12,12,2013-11-23,2013,15,33
114,37,2.05,1.88,1.87,3.5,3.39,3.5,1.83,4.5,3.3,3.53,1.8,33,3.2,4.8,4.64,5.0,2.38,1.8,1.83,1.85,1.83,1.83,2.24,4.8,2.09,4.2,3.4,5.07,3.5,1.83,5.0,3.49,-0.5,3.4,20.0,1.7,4.64,4.75,5.2,3.46,1.63,1.94,1.87,1.87,Hull_Crystal Palace_2013,12,12,2013-11-23,2013,17,12
115,37,1.58,1.81,1.81,3.8,3.63,3.7,2.43,4.5,3.7,3.85,1.72,35,3.2,5.0,4.97,5.0,1.83,1.75,1.77,1.8,1.83,1.75,1.77,4.8,1.63,4.5,3.75,4.85,3.5,1.73,4.75,3.84,-1.0,3.8,20.0,2.12,4.6,4.75,5.0,3.85,2.03,1.79,1.8,2.54,Newcastle_Norwich_2013,12,12,2013-11-23,2013,24,25
116,37,2.05,6.35,6.2,4.2,3.86,4.1,1.82,1.61,3.7,4.25,5.5,35,3.6,1.65,1.61,1.62,1.92,5.4,5.79,6.0,6.0,5.5,1.85,1.62,2.12,1.6,3.75,1.62,3.7,5.5,1.62,4.14,1.0,4.0,21.0,2.01,1.6,1.62,1.67,4.11,1.94,6.36,5.75,1.88,West Ham_Chelsea_2013,12,12,2013-11-23,2013,37,11
117,37,1.74,1.75,1.68,4.0,3.72,4.0,2.16,5.0,4.0,4.0,1.62,35,3.3,5.4,5.69,5.5,1.89,1.6,1.67,1.7,1.73,1.7,1.8,5.0,1.78,5.4,3.6,5.9,3.7,1.67,5.5,3.93,-1.0,3.8,20.0,2.1,5.36,5.0,5.9,4.02,2.0,1.68,1.7,2.22,Man City_Tottenham_2013,12,12,2013-11-24,2013,21,34
118,37,2.13,6.0,5.67,4.0,3.8,4.0,1.75,1.57,3.9,4.01,5.5,35,3.4,1.67,1.74,1.67,1.87,5.6,5.54,6.0,6.0,6.0,1.79,1.62,2.22,1.55,4.0,1.68,3.9,5.5,1.65,4.01,1.0,4.0,21.0,2.06,1.63,1.6,1.69,3.83,2.0,5.41,5.5,1.84,Cardiff_Man United_2013,12,12,2013-11-24,2013,9,22
119,35,1.79,2.17,2.14,3.4,3.31,3.5,2.1,3.5,3.5,3.5,1.95,33,3.1,3.6,3.9,3.6,2.07,2.15,2.08,2.15,2.15,2.1,1.98,3.75,1.84,3.2,3.25,3.88,3.3,2.0,3.8,3.4,-0.5,3.5,17.0,1.9,3.62,3.75,3.8,3.34,1.8,2.15,2.15,2.19,West Brom_Aston Villa_2013,12,12,2013-11-25,2013,36,1
120,38,1.89,2.04,2.05,3.4,3.35,3.5,1.98,4.0,3.5,3.5,1.95,36,3.3,4.2,5.2,3.8,2.19,1.9,1.97,2.0,2.0,1.9,2.07,4.0,1.96,3.8,3.4,4.14,3.45,1.95,4.33,3.44,-0.5,3.4,20.0,1.8,3.99,3.75,4.33,3.7,1.74,1.79,2.0,2.04,Aston Villa_Sunderland_2013,13,13,2013-11-30,2013,1,32
121,38,2.04,6.5,6.32,4.0,3.92,4.1,1.82,1.57,4.0,4.12,5.25,36,3.4,1.65,1.54,1.67,1.86,5.4,5.67,6.5,6.0,5.5,1.79,1.62,2.11,1.6,4.0,1.61,3.7,5.5,1.62,4.12,1.0,4.0,22.0,2.1,1.6,1.6,1.67,4.27,2.01,7.37,5.75,1.86,Cardiff_Arsenal_2013,13,13,2013-11-30,2013,9,0
122,38,1.81,1.63,1.6,4.0,3.82,4.0,2.06,5.5,3.7,4.06,1.6,36,3.4,6.5,7.41,6.5,2.1,1.6,1.59,1.62,1.62,1.61,2.02,6.0,1.85,5.4,3.8,6.78,3.7,1.62,6.25,4.06,-1.0,3.75,22.0,1.83,5.99,6.0,7.0,4.26,1.77,1.54,1.62,2.12,Everton_Stoke_2013,13,13,2013-11-30,2013,14,31
123,38,1.84,2.1,2.07,3.5,3.39,3.5,2.04,3.75,3.5,3.57,2.0,36,3.1,3.7,3.82,4.0,1.86,2.0,2.02,2.05,2.05,1.95,1.79,3.75,1.88,3.6,3.4,3.92,3.3,2.0,4.0,3.55,-0.5,3.5,20.0,2.11,3.72,3.6,4.0,3.54,2.01,1.97,2.05,2.07,Newcastle_West Brom_2013,13,13,2013-11-30,2013,24,36
124,38,1.93,2.01,1.98,3.4,3.36,3.5,1.94,4.33,3.4,3.5,1.91,36,3.3,4.33,4.26,3.8,2.16,1.85,1.93,2.0,2.0,1.85,2.06,4.5,1.97,4.0,3.5,4.4,3.45,1.83,4.33,3.47,-0.5,3.5,21.0,1.8,4.18,4.1,4.5,3.57,1.75,1.98,1.95,1.98,Norwich_Crystal Palace_2013,13,13,2013-11-30,2013,25,12
125,38,2.0,1.95,1.89,3.5,3.43,3.5,1.88,4.0,3.4,3.56,1.87,36,3.1,4.5,5.42,4.5,2.04,1.85,1.88,1.91,1.95,1.95,1.95,4.33,2.05,4.0,3.4,4.75,3.45,1.9,4.6,3.55,-0.5,3.5,21.0,1.92,4.28,4.25,4.81,4.13,1.84,1.68,1.92,1.96,West Ham_Fulham_2013,13,13,2013-11-30,2013,37,15
126,38,2.04,1.3,1.3,6.0,5.46,6.0,1.82,11.0,5.5,6.0,1.25,29,5.0,12.0,13.74,11.0,1.62,1.27,1.28,1.29,1.3,1.25,1.54,11.0,2.11,10.0,5.5,13.32,5.2,1.3,13.0,5.74,-1.5,5.25,23.0,2.56,10.88,11.5,13.33,6.26,2.4,1.27,1.29,1.9,Man City_Swansea_2013,13,13,2013-12-01,2013,21,33
127,38,1.89,1.58,1.57,4.2,4.05,4.3,1.98,6.5,4.0,4.4,1.53,36,3.8,6.5,6.08,6.0,1.89,1.4,1.54,1.57,1.57,1.53,1.81,7.0,1.92,7.3,4.0,6.82,4.4,1.5,6.5,4.25,-1.0,4.0,22.0,2.05,6.27,6.25,7.3,4.22,1.98,1.6,1.57,2.04,Chelsea_Southampton_2013,13,13,2013-12-01,2013,11,30
128,38,2.03,7.05,7.05,4.0,3.79,4.1,1.84,1.61,3.8,4.13,5.75,36,3.8,1.62,1.63,1.62,1.96,5.4,6.06,6.5,5.5,5.5,1.87,1.57,2.12,1.6,3.75,1.57,3.7,6.0,1.62,4.13,1.0,3.8,22.0,2.02,1.59,1.6,1.63,4.09,1.92,6.06,6.25,1.92,Hull_Liverpool_2013,13,13,2013-12-01,2013,17,20
129,38,1.89,2.84,2.8,3.5,3.28,3.4,1.96,2.62,3.3,3.5,2.75,36,3.1,2.7,2.81,2.7,2.07,2.6,2.7,2.8,2.7,2.62,1.98,2.63,1.94,2.6,3.3,2.68,3.2,2.63,2.63,3.44,0.0,3.3,21.0,1.88,2.62,2.5,2.7,3.31,1.81,2.76,2.75,2.01,Tottenham_Man United_2013,13,13,2013-12-01,2013,34,22
130,38,1.67,3.36,3.36,3.3,3.25,3.3,2.22,2.5,3.2,3.35,2.9,34,3.1,2.5,2.41,2.4,2.2,2.6,3.07,3.25,3.1,2.88,2.11,2.5,1.8,2.6,3.25,2.39,3.2,2.88,2.4,3.28,0.0,3.2,20.0,1.79,2.39,2.4,2.6,3.42,1.69,3.2,3.1,2.35,Crystal Palace_West Ham_2013,14,14,2013-12-03,2013,12,37
131,38,2.25,1.23,1.23,7.5,6.62,7.0,1.66,13.0,7.0,7.5,1.18,31,6.0,15.0,12.0,15.0,1.66,1.2,1.2,1.2,1.2,1.2,1.58,15.0,2.32,13.0,6.5,16.0,5.8,1.2,17.0,7.0,-1.5,6.5,21.0,2.4,14.26,12.5,17.0,5.8,2.29,1.3,1.22,1.72,Arsenal_Hull_2013,14,14,2013-12-04,2013,0,17
132,38,2.09,6.42,6.42,3.9,3.73,3.9,1.76,1.7,3.8,3.94,5.0,36,3.4,1.7,1.62,1.7,1.9,4.7,5.53,5.8,5.5,5.0,1.83,1.67,2.15,1.7,3.6,1.64,3.6,5.0,1.67,3.94,1.0,3.8,21.0,2.04,1.65,1.65,1.71,4.07,1.94,6.27,5.5,1.85,Fulham_Tottenham_2013,14,14,2013-12-04,2013,15,34
133,38,2.09,1.3,1.29,6.0,5.81,6.0,1.76,11.0,6.25,6.35,1.22,28,5.0,12.0,13.25,12.0,1.5,1.25,1.26,1.29,1.29,1.25,1.45,12.0,2.16,10.3,6.0,12.1,5.5,1.25,12.0,6.26,-1.5,5.8,23.0,3.0,11.08,11.0,12.56,6.8,2.61,1.25,1.29,1.84,Liverpool_Norwich_2013,14,14,2013-12-04,2013,20,25
134,37,1.68,1.77,1.76,3.75,3.71,3.9,2.2,5.0,3.6,3.93,1.7,35,3.4,5.0,4.69,5.0,1.86,1.65,1.71,1.73,1.75,1.7,1.76,5.0,1.74,5.1,3.6,5.02,3.6,1.67,5.5,3.94,-1.0,3.8,21.0,2.1,4.98,5.0,5.5,3.93,2.03,1.79,1.75,2.29,Man United_Everton_2013,14,14,2013-12-04,2013,22,14
135,38,1.97,1.73,1.72,3.8,3.72,3.8,1.89,5.5,3.8,3.85,1.6,36,3.8,5.5,6.16,5.0,2.04,1.65,1.67,1.7,1.67,1.62,1.97,5.5,2.01,5.1,3.75,5.78,3.6,1.67,5.75,3.76,-0.75,3.6,20.0,1.89,5.35,5.5,6.0,3.84,1.8,1.68,1.73,1.96,Southampton_Aston Villa_2013,14,14,2013-12-04,2013,30,1
136,38,2.1,2.12,2.12,3.4,3.31,3.3,1.76,3.75,3.25,3.4,1.95,36,3.3,4.0,3.61,3.5,2.38,2.1,2.06,2.1,2.1,2.1,2.25,4.0,2.16,3.4,3.2,3.95,3.2,2.0,4.0,3.39,-0.25,3.3,20.0,1.67,3.75,4.0,4.0,3.29,1.62,2.28,2.1,1.81,Stoke_Cardiff_2013,14,14,2013-12-04,2013,31,9
137,38,1.94,6.76,6.76,4.33,4.1,4.3,1.91,1.53,4.2,4.38,6.0,36,3.8,1.57,1.55,1.53,1.96,6.1,6.24,6.5,6.5,6.0,1.81,1.53,2.02,1.5,4.0,1.57,4.0,6.5,1.55,4.21,1.0,4.0,22.0,2.05,1.53,1.5,1.57,4.53,1.97,6.55,6.5,2.0,Sunderland_Chelsea_2013,14,14,2013-12-04,2013,32,11
138,38,2.01,2.2,2.2,3.5,3.41,3.5,1.85,3.4,3.5,3.55,2.05,36,3.4,3.5,3.46,3.3,1.87,2.0,2.13,2.2,2.15,2.2,1.79,3.25,2.06,3.6,3.3,3.52,3.3,2.2,3.5,3.55,-0.25,3.4,21.0,2.08,3.42,3.4,3.63,3.51,1.99,2.24,2.2,1.9,Swansea_Newcastle_2013,14,14,2013-12-04,2013,33,24
139,38,2.06,6.09,6.09,4.2,3.9,4.2,1.79,1.62,4.0,4.2,5.5,34,3.6,1.65,1.49,1.62,1.69,5.4,5.61,6.0,6.0,5.0,1.62,1.62,2.14,1.6,4.0,1.65,3.7,5.5,1.62,4.0,1.0,4.0,22.0,2.38,1.61,1.57,1.65,4.84,2.24,7.08,5.5,1.84,West Brom_Man City_2013,14,14,2013-12-04,2013,36,21
140,39,1.91,4.6,4.27,3.6,3.43,3.6,1.95,1.8,3.6,3.6,4.0,38,3.2,1.92,2.22,1.91,2.12,4.3,4.24,4.5,4.33,4.5,2.04,1.83,1.97,1.75,3.5,1.97,3.6,4.5,1.91,3.6,0.5,3.5,22.0,1.83,1.89,1.85,1.97,3.44,1.75,3.59,4.33,2.0,Sunderland_Tottenham_2013,15,15,2013-12-07,2013,32,34
141,39,2.13,1.85,1.8,3.75,3.53,3.8,1.75,4.33,3.5,3.77,1.75,38,3.2,4.8,5.58,5.0,1.92,1.8,1.79,1.8,1.83,1.83,1.84,4.33,2.2,4.2,3.5,5.04,3.5,1.83,5.0,3.77,-0.5,3.6,22.0,2.04,4.72,4.75,5.04,3.99,1.95,1.69,1.8,1.83,West Brom_Norwich_2013,15,15,2013-12-07,2013,36,25
142,39,2.03,6.62,6.59,4.2,3.81,4.1,1.83,1.61,3.8,4.2,6.0,38,3.6,1.6,1.57,1.62,2.1,5.6,6.12,6.5,6.0,5.5,2.01,1.62,2.09,1.55,3.75,1.6,3.9,5.8,1.57,4.1,1.0,3.8,24.0,1.88,1.59,1.57,1.65,4.26,1.78,6.47,6.5,1.87,Stoke_Chelsea_2013,15,15,2013-12-07,2013,31,11
143,39,1.93,2.82,2.85,3.3,3.15,3.2,1.91,2.75,3.2,3.3,2.65,38,3.1,2.8,3.21,2.7,2.42,2.4,2.69,2.8,2.7,2.6,2.28,2.8,1.96,2.75,3.2,2.78,3.3,2.63,2.75,3.24,0.0,3.2,22.0,1.67,2.72,2.7,2.82,3.31,1.61,2.46,2.8,1.98,Crystal Palace_Cardiff_2013,15,15,2013-12-07,2013,12,9
144,39,2.02,1.55,1.54,4.33,4.16,4.5,1.84,6.5,4.0,4.5,1.53,35,3.8,6.25,8.24,6.5,1.73,1.5,1.51,1.53,1.53,1.5,1.63,6.0,2.07,6.1,4.33,6.77,4.0,1.53,7.0,4.47,-1.0,4.0,24.0,2.38,6.38,6.25,7.5,4.76,2.22,1.45,1.55,1.9,Man United_Newcastle_2013,15,15,2013-12-07,2013,22,24
145,39,2.03,1.32,1.3,6.0,5.58,6.0,1.81,10.0,5.25,6.04,1.28,29,5.0,11.0,9.96,11.0,1.58,1.25,1.29,1.29,1.3,1.28,1.52,11.0,2.1,10.3,5.5,12.06,5.5,1.29,12.0,6.03,-1.5,5.5,25.0,2.55,10.36,10.5,12.1,6.02,2.42,1.32,1.3,1.88,Liverpool_West Ham_2013,15,15,2013-12-07,2013,20,37
146,38,2.31,5.41,5.31,3.8,3.65,3.8,1.64,1.75,3.5,3.85,4.75,37,3.4,1.75,1.7,1.75,1.84,4.7,4.92,5.25,5.0,4.8,1.77,1.73,2.4,1.7,3.6,1.75,3.6,4.8,1.75,3.84,1.0,3.75,22.0,2.17,1.73,1.75,1.78,4.2,2.03,5.14,5.2,1.68,Southampton_Man City_2013,15,15,2013-12-07,2013,30,21
147,37,1.69,1.74,1.68,3.8,3.7,3.9,2.2,5.0,3.8,4.01,1.65,36,3.5,5.25,5.93,5.0,1.78,1.65,1.69,1.7,1.73,1.66,1.72,5.0,1.74,4.9,3.75,5.68,3.7,1.67,5.75,4.03,-1.0,3.8,23.0,2.2,5.18,5.0,5.75,4.03,2.1,1.66,1.73,2.32,Arsenal_Everton_2013,15,15,2013-12-08,2013,0,14
148,38,1.95,2.75,2.72,3.3,3.25,3.3,1.89,2.75,3.3,3.39,2.65,37,2.9,2.75,2.79,2.8,1.95,2.75,2.66,2.75,2.75,2.6,1.88,2.6,2.01,2.4,3.25,2.8,3.3,2.75,2.8,3.39,0.0,3.3,21.0,1.99,2.69,2.6,2.82,3.41,1.91,2.7,2.8,1.94,Fulham_Aston Villa_2013,15,15,2013-12-08,2013,15,1
149,37,1.6,1.79,1.79,3.75,3.53,3.75,2.37,4.8,3.5,3.75,1.72,36,3.4,5.4,5.54,5.0,2.23,1.75,1.74,1.75,1.75,1.72,2.08,5.0,1.63,4.5,3.6,5.31,3.5,1.73,5.5,3.69,-1.0,3.6,21.0,1.83,5.07,5.0,5.5,3.61,1.72,1.68,1.75,2.54,Swansea_Hull_2013,15,15,2013-12-09,2013,33,17
150,37,1.89,2.04,2.04,3.6,3.37,3.6,1.97,3.75,3.4,3.6,1.91,35,3.2,4.0,4.37,4.0,2.11,1.9,1.97,1.95,2.0,2.0,2.04,4.33,1.94,3.8,3.4,4.09,3.45,1.95,4.33,3.5,-0.5,3.3,18.0,1.84,4.0,4.1,4.33,3.56,1.76,1.96,2.0,2.01,West Ham_Sunderland_2013,16,16,2013-12-14,2013,37,32
151,37,2.21,2.44,2.44,3.4,3.3,3.4,1.67,3.1,3.4,3.41,2.35,35,3.0,3.12,3.33,3.0,1.97,2.2,2.36,2.4,2.5,2.3,1.92,3.0,2.3,3.1,3.3,3.24,3.3,2.4,3.2,3.31,0.0,3.3,20.0,1.95,3.05,2.9,3.23,3.36,1.87,2.38,2.4,1.71,Newcastle_Southampton_2013,16,16,2013-12-14,2013,24,30
152,37,2.09,1.85,1.83,3.75,3.65,3.8,1.78,4.33,3.75,3.9,1.75,32,3.2,4.5,4.6,4.8,1.75,1.85,1.79,1.83,1.83,1.8,1.64,4.33,2.18,4.0,3.6,4.7,3.45,1.8,4.75,3.82,-0.5,3.8,18.0,2.33,4.49,4.4,4.81,3.92,2.2,1.73,1.83,1.83,Man City_Arsenal_2013,16,16,2013-12-14,2013,21,0
153,37,1.66,2.34,2.32,3.3,3.15,3.2,2.27,3.2,3.25,3.3,2.2,27,3.0,3.6,3.82,3.4,2.72,2.2,2.27,2.3,2.3,2.25,2.48,3.6,1.69,3.1,3.25,3.63,3.3,2.2,3.5,3.18,-0.5,3.13,18.0,1.62,3.37,3.3,3.66,3.19,1.5,2.26,2.3,2.35,Hull_Stoke_2013,16,16,2013-12-14,2013,17,31
154,37,1.78,1.42,1.39,5.0,4.68,5.0,2.06,9.0,4.5,5.16,1.37,33,3.8,9.0,9.68,11.0,1.73,1.42,1.37,1.36,1.4,1.36,1.62,9.0,1.82,7.3,4.5,9.5,4.2,1.36,10.5,5.09,-1.5,4.8,21.0,2.41,8.99,8.75,10.5,4.9,2.25,1.4,1.4,2.15,Everton_Fulham_2013,16,16,2013-12-14,2013,14,15
155,37,1.86,1.21,1.19,8.0,6.87,8.0,2.0,15.0,7.25,8.0,1.16,27,5.5,19.0,19.5,21.0,1.57,1.17,1.18,1.18,1.2,1.18,1.52,15.0,1.95,14.0,7.0,20.1,6.5,1.18,19.0,7.7,-2.0,7.0,20.0,2.57,16.07,15.5,21.0,7.95,2.42,1.18,1.18,2.08,Chelsea_Crystal Palace_2013,16,16,2013-12-14,2013,11,12
156,37,2.03,2.75,2.63,3.4,3.26,3.3,1.82,2.87,3.25,3.4,2.55,35,3.0,2.8,2.66,2.75,2.12,2.3,2.55,2.63,2.75,2.4,2.03,2.75,2.09,2.9,3.3,2.89,3.3,2.6,2.88,3.42,0.0,3.25,19.0,1.87,2.81,2.75,2.9,3.4,1.77,2.86,2.7,1.88,Cardiff_West Brom_2013,16,16,2013-12-14,2013,9,36
157,37,2.29,5.5,5.38,3.8,3.6,3.8,1.65,1.75,3.6,3.83,5.25,35,3.1,1.75,1.68,1.8,1.92,4.5,5.01,5.25,5.5,4.5,1.85,1.73,2.45,1.75,3.75,1.76,3.5,4.8,1.75,3.77,1.0,3.8,19.0,2.03,1.73,1.67,1.8,3.99,1.94,5.66,5.25,1.69,Aston Villa_Man United_2013,16,16,2013-12-15,2013,1,22
158,37,1.88,2.88,2.82,3.3,3.26,3.4,1.97,2.62,3.2,3.4,2.85,35,3.0,2.7,2.48,2.7,2.11,2.6,2.76,2.88,2.75,2.62,2.02,2.5,1.92,2.6,3.3,2.73,3.2,2.88,2.7,3.35,0.0,3.3,19.0,1.85,2.6,2.5,2.7,3.46,1.77,3.06,2.8,2.04,Norwich_Swansea_2013,16,16,2013-12-15,2013,25,33
159,37,2.08,2.54,2.47,3.4,3.33,3.5,1.77,2.9,3.3,3.5,2.55,35,3.0,2.9,3.29,3.0,1.84,2.4,2.45,2.5,2.5,2.37,1.77,2.75,2.15,2.75,3.4,3.04,3.3,2.5,3.0,3.5,0.0,3.4,20.0,2.12,2.88,2.7,3.02,3.45,2.02,2.34,2.5,1.83,Tottenham_Liverpool_2013,16,16,2013-12-15,2013,34,20
160,38,1.97,1.95,1.91,3.5,3.35,3.5,1.89,4.0,3.3,3.51,1.88,37,3.2,4.4,4.49,4.2,2.27,1.9,1.9,1.95,1.95,1.95,2.16,4.33,2.03,3.8,3.4,4.73,3.45,1.91,4.5,3.51,-0.5,3.3,18.0,1.75,4.33,4.33,4.73,3.22,1.67,2.05,1.95,1.92,West Brom_Hull_2013,17,17,2013-12-21,2013,36,17
161,38,1.95,2.32,2.26,3.25,3.21,3.25,1.9,3.3,3.2,3.35,2.25,35,3.1,3.5,4.36,3.3,2.43,2.2,2.24,2.3,2.3,2.3,2.3,3.3,2.01,3.25,3.1,3.65,3.15,2.3,3.5,3.28,-0.25,3.2,19.0,1.67,3.38,3.25,3.65,3.37,1.59,2.03,2.3,1.93,Stoke_Aston Villa_2013,17,17,2013-12-21,2013,31,1
162,37,1.78,1.4,1.39,5.25,4.84,5.0,2.07,9.0,5.25,5.25,1.31,36,4.5,9.0,10.82,9.0,1.77,1.33,1.36,1.36,1.36,1.36,1.69,9.5,1.82,8.3,4.8,9.92,4.8,1.33,10.0,5.0,-1.5,4.8,20.0,2.22,8.91,9.0,10.0,5.76,2.13,1.32,1.4,2.19,Man United_West Ham_2013,17,17,2013-12-21,2013,22,37
163,38,1.84,2.1,2.06,3.5,3.33,3.5,2.03,3.5,3.5,3.5,2.0,37,3.1,3.8,3.69,3.75,2.06,2.1,2.04,2.05,2.1,2.1,1.98,3.75,1.89,3.3,3.4,4.04,3.3,2.05,4.0,3.47,-0.5,3.3,19.0,1.88,3.77,3.6,4.05,3.38,1.8,2.21,2.1,2.06,Sunderland_Norwich_2013,17,17,2013-12-21,2013,32,25
164,38,1.95,9.5,9.03,5.25,4.97,5.25,1.89,1.4,5.0,5.32,8.0,27,4.5,1.4,1.37,1.4,1.53,7.3,8.44,9.5,8.0,7.5,1.45,1.36,2.02,1.4,5.0,1.38,4.4,8.0,1.36,5.43,1.5,5.0,21.0,2.75,1.36,1.35,1.41,5.71,2.6,8.23,8.5,1.95,Fulham_Man City_2013,17,17,2013-12-21,2013,15,21
165,38,1.98,3.35,3.33,3.4,3.26,3.3,1.89,2.4,3.4,3.4,3.0,37,3.1,2.4,2.56,2.4,2.25,2.75,3.13,3.25,3.1,3.1,2.14,2.4,2.03,2.4,3.1,2.37,3.3,3.0,2.38,3.35,0.25,3.3,18.0,1.75,2.34,2.3,2.4,3.26,1.69,3.1,3.3,1.97,Crystal Palace_Newcastle_2013,17,17,2013-12-21,2013,12,24
166,38,1.92,1.22,1.2,7.5,6.83,6.5,1.93,13.0,6.75,7.8,1.2,29,5.5,18.0,17.5,15.0,1.55,1.22,1.2,1.2,1.22,1.22,1.47,15.0,2.0,12.0,6.5,17.7,5.5,1.2,16.0,7.8,-2.0,6.5,20.0,2.8,14.55,12.0,18.0,8.1,2.58,1.19,1.22,2.05,Liverpool_Cardiff_2013,17,17,2013-12-21,2013,20,9
167,38,2.07,2.6,2.55,3.3,3.23,3.3,1.78,2.87,3.25,3.37,2.55,37,3.1,3.0,2.78,2.8,2.17,2.6,2.51,2.55,2.6,2.6,2.05,2.75,2.15,2.6,3.1,3.02,3.2,2.6,3.0,3.37,0.0,3.3,18.0,1.83,2.89,2.75,3.04,3.32,1.74,2.56,2.6,1.87,Southampton_Tottenham_2013,17,17,2013-12-22,2013,30,34
168,36,1.73,3.1,3.03,3.4,3.3,3.4,2.13,2.4,3.25,3.46,3.1,35,3.1,2.5,2.31,2.5,2.04,3.1,2.97,3.0,2.9,3.0,1.92,2.3,1.79,2.2,3.3,2.48,3.3,3.0,2.5,3.48,0.0,3.4,18.0,1.91,2.41,2.25,2.5,3.42,1.86,3.4,3.0,2.2,Swansea_Everton_2013,17,17,2013-12-22,2013,33,14
169,38,1.66,2.5,2.34,3.4,3.31,3.4,2.27,3.1,3.3,3.47,2.3,37,3.1,3.2,3.06,3.1,1.86,2.5,2.33,2.38,2.4,2.37,1.78,3.0,1.7,2.75,3.2,3.3,3.2,2.3,3.25,3.45,-0.5,3.4,19.0,2.09,3.12,3.0,3.3,3.31,2.01,2.56,2.4,2.34,Arsenal_Chelsea_2013,17,17,2013-12-23,2013,0,11
170,39,2.03,6.5,6.13,4.0,3.88,4.0,1.83,1.62,3.75,4.14,6.0,38,3.6,1.62,1.55,1.62,1.79,5.6,5.79,6.5,6.0,5.0,1.73,1.62,2.09,1.55,4.0,1.63,3.9,5.5,1.62,4.1,1.0,4.0,19.0,2.18,1.6,1.57,1.65,4.32,2.07,5.73,5.75,1.86,West Ham_Arsenal_2013,18,18,2013-12-26,2013,37,0
171,39,2.01,1.56,1.52,4.33,4.14,4.3,1.85,6.0,3.9,4.5,1.5,38,4.0,6.5,6.91,6.0,1.72,1.5,1.52,1.53,1.53,1.55,1.67,6.5,2.06,6.1,4.0,7.19,4.0,1.5,7.0,4.49,-1.0,4.33,19.0,2.28,6.43,7.0,7.25,4.43,2.16,1.54,1.55,1.89,Tottenham_West Brom_2013,18,18,2013-12-26,2013,34,36
172,39,1.84,2.1,2.07,3.5,3.37,3.5,2.03,3.75,3.25,3.5,2.05,38,3.3,3.8,4.68,3.6,1.93,2.1,2.04,2.05,2.05,2.0,1.86,3.8,1.88,3.3,3.4,3.97,3.3,2.0,4.0,3.49,-0.5,3.4,17.0,2.01,3.71,3.6,4.02,3.65,1.91,1.88,2.1,2.08,Norwich_Fulham_2013,18,18,2013-12-26,2013,25,15
173,39,2.15,1.8,1.76,3.8,3.56,3.6,1.74,4.5,3.3,3.8,1.75,38,3.5,5.2,5.71,4.5,2.19,1.8,1.75,1.75,1.8,1.8,2.11,5.25,2.22,4.2,3.5,5.43,3.5,1.73,5.25,3.73,-0.5,3.5,17.0,1.78,4.98,5.0,5.5,3.46,1.7,1.7,1.8,1.8,Newcastle_Stoke_2013,18,18,2013-12-26,2013,24,31
174,39,1.67,1.8,1.75,4.2,3.82,4.0,2.26,4.33,4.0,4.2,1.75,30,3.5,4.6,4.29,4.5,1.5,1.8,1.75,1.75,1.8,1.73,1.45,4.2,1.72,4.2,4.0,4.84,3.5,1.75,4.6,4.14,-1.0,4.0,18.0,2.81,4.52,4.1,4.84,4.14,2.63,1.83,1.8,2.31,Man City_Liverpool_2013,18,18,2013-12-26,2013,21,20
175,38,1.8,1.4,1.36,5.25,4.79,4.0,2.04,7.5,4.75,5.25,1.36,37,4.5,9.5,10.5,8.0,1.76,1.37,1.36,1.36,1.4,1.4,1.68,9.0,1.88,7.5,4.5,11.08,4.6,1.36,9.5,5.21,-1.5,4.8,19.0,2.25,8.99,7.75,11.08,5.65,2.14,1.33,1.36,2.11,Everton_Sunderland_2013,18,18,2013-12-26,2013,14,32
176,39,1.84,1.36,1.34,5.5,5.04,5.25,2.0,8.5,5.0,5.5,1.35,37,4.8,11.0,12.56,10.0,1.75,1.35,1.33,1.33,1.33,1.33,1.67,10.0,1.88,7.6,5.0,10.96,4.8,1.33,10.0,5.43,-1.5,4.8,20.0,2.32,9.53,7.75,10.96,5.69,2.17,1.31,1.33,2.07,Chelsea_Swansea_2013,18,18,2013-12-26,2013,11,33
177,40,1.95,3.39,3.39,3.3,3.28,3.3,1.9,2.38,3.3,3.45,3.1,39,3.2,2.4,2.3,2.3,2.26,2.9,3.19,3.3,3.2,3.0,2.19,2.3,2.02,2.3,3.25,2.34,3.3,3.3,2.38,3.39,0.25,3.2,18.0,1.75,2.3,2.25,2.4,3.32,1.66,3.52,3.3,1.95,Cardiff_Southampton_2013,18,18,2013-12-26,2013,9,30
178,40,1.98,1.94,1.94,3.5,3.37,3.5,1.88,4.33,3.5,3.55,1.8,39,3.2,4.6,4.56,4.5,2.26,1.8,1.89,1.91,1.91,1.85,2.16,4.33,2.03,4.2,3.4,4.77,3.5,1.91,4.5,3.39,-0.5,3.3,18.0,1.72,4.4,4.33,4.77,3.45,1.67,1.96,1.91,1.92,Aston Villa_Crystal Palace_2013,18,18,2013-12-26,2013,1,12
179,39,2.01,7.0,6.58,4.2,3.9,4.2,1.85,1.57,3.9,4.29,6.0,38,3.75,1.57,1.65,1.57,2.04,5.6,6.31,7.0,6.0,6.0,1.92,1.57,2.1,1.55,4.0,1.57,3.9,6.0,1.55,4.29,1.0,3.8,19.0,1.95,1.56,1.55,1.6,3.6,1.86,5.91,6.25,1.9,Hull_Man United_2013,18,18,2013-12-26,2013,17,22
180,39,1.85,2.44,2.44,3.4,3.27,3.4,2.01,3.25,3.3,3.4,2.3,38,3.0,3.2,2.83,3.2,2.04,2.2,2.35,2.38,2.4,2.25,1.95,3.2,1.89,3.1,3.3,3.22,3.3,2.3,3.25,3.35,-0.25,3.3,18.0,1.91,3.09,3.0,3.25,3.3,1.83,2.74,2.4,2.08,West Ham_West Brom_2013,19,19,2013-12-28,2013,37,36
181,39,1.84,3.0,2.94,3.3,3.22,3.3,2.0,2.62,3.25,3.34,2.75,38,3.1,2.63,2.53,2.62,2.2,2.6,2.8,3.0,2.8,2.62,2.1,2.6,1.88,2.6,3.25,2.63,3.2,2.75,2.55,3.34,0.0,3.25,18.0,1.8,2.58,2.5,2.66,3.31,1.71,3.09,2.9,2.08,Aston Villa_Swansea_2013,19,19,2013-12-28,2013,1,33
182,39,1.67,2.38,2.36,3.25,3.25,3.3,2.27,3.1,3.2,3.35,2.25,38,3.1,3.3,3.21,3.3,2.28,2.2,2.27,2.38,2.3,2.3,2.16,3.25,1.71,3.1,3.3,3.47,3.3,2.3,3.4,3.27,-0.5,3.25,16.0,1.72,3.24,3.2,3.47,3.37,1.67,2.43,2.38,2.33,Cardiff_Sunderland_2013,19,19,2013-12-28,2013,9,32
183,39,2.14,2.1,2.08,3.4,3.32,3.4,1.75,3.75,3.25,3.41,2.0,38,3.2,3.9,4.4,3.8,2.28,2.1,2.04,2.05,2.05,2.05,2.19,3.8,2.23,3.3,3.3,4.22,3.3,2.05,4.1,3.31,-0.25,3.25,17.0,1.72,3.8,3.75,4.22,3.37,1.65,2.0,2.1,1.78,Hull_Fulham_2013,19,19,2013-12-28,2013,17,15
184,39,2.1,1.14,1.13,9.5,9.05,9.5,1.77,17.0,8.5,10.44,1.1,29,8.0,23.0,24.38,23.0,1.4,1.12,1.12,1.13,1.12,1.14,1.34,21.0,2.16,16.0,8.0,28.5,8.0,1.13,29.0,10.4,-2.25,8.0,17.0,3.4,21.18,21.0,29.0,9.37,3.13,1.14,1.14,1.81,Man City_Crystal Palace_2013,19,19,2013-12-28,2013,21,12
185,39,2.01,6.6,6.51,4.2,3.97,4.2,1.85,1.6,4.0,4.28,6.0,38,3.75,1.57,1.7,1.57,1.83,5.6,6.12,6.5,6.5,5.5,1.77,1.57,2.08,1.55,4.0,1.58,3.9,6.0,1.57,4.28,1.0,4.0,19.0,2.11,1.57,1.53,1.6,4.04,2.02,5.44,6.5,1.9,Norwich_Man United_2013,19,19,2013-12-28,2013,25,22
186,39,1.94,4.1,4.03,3.7,3.48,3.7,1.92,1.95,3.4,3.74,3.75,38,3.2,2.05,2.34,2.0,1.8,3.7,3.89,4.0,4.0,3.8,1.74,1.95,2.01,1.95,3.6,1.98,3.35,3.8,2.0,3.74,0.5,3.5,17.0,2.16,1.96,1.95,2.05,3.4,2.06,3.34,3.8,1.96,Newcastle_Arsenal_2013,19,19,2013-12-29,2013,24,0
187,39,2.09,1.5,1.49,4.33,4.16,4.33,1.77,7.0,4.2,4.4,1.45,38,3.8,8.5,9.07,7.5,2.0,1.5,1.46,1.44,1.5,1.5,1.93,8.0,2.15,6.1,4.0,8.3,4.0,1.44,8.0,4.39,-1.0,4.0,19.0,1.94,7.54,7.0,8.5,4.68,1.84,1.43,1.45,1.83,Tottenham_Stoke_2013,19,19,2013-12-29,2013,34,31
188,39,1.74,2.22,2.2,3.5,3.39,3.5,2.12,3.5,3.4,3.6,2.15,35,3.1,3.4,3.43,3.5,1.7,2.1,2.14,2.2,2.2,2.1,1.63,3.3,1.8,3.3,3.4,3.55,3.3,2.1,3.5,3.52,-0.5,3.6,18.0,2.35,3.41,3.2,3.6,3.41,2.22,2.3,2.2,2.2,Chelsea_Liverpool_2013,19,19,2013-12-29,2013,11,20
189,38,1.79,1.87,1.85,3.7,3.56,3.7,2.08,4.5,3.4,3.75,1.8,37,3.4,4.6,4.28,4.5,1.95,1.75,1.81,1.83,1.83,1.8,1.88,4.5,1.83,4.5,3.5,4.69,3.5,1.8,4.75,3.73,-0.75,3.6,16.0,2.03,4.48,4.5,5.0,3.53,1.9,1.97,1.87,2.14,Everton_Southampton_2013,19,19,2013-12-29,2013,14,30
190,38,2.09,1.29,1.27,6.0,5.88,6.0,1.78,12.0,5.75,6.32,1.25,31,6.0,13.0,14.54,13.0,1.67,1.22,1.26,1.29,1.18,1.25,1.61,13.0,2.15,12.0,6.0,13.52,5.5,1.25,13.0,6.32,-1.5,5.75,18.0,2.37,11.7,10.5,13.53,6.56,2.25,1.25,1.29,1.85,Arsenal_Cardiff_2013,20,20,2014-01-01,2013,0,9
191,38,2.24,2.42,2.42,3.3,3.21,3.3,1.67,3.0,3.1,3.3,2.35,37,3.0,3.3,3.49,3.1,2.38,2.3,2.35,2.38,2.3,2.4,2.24,3.13,2.35,2.9,3.3,3.41,3.3,2.38,3.3,3.22,0.0,3.25,19.0,1.67,3.16,3.1,3.42,3.32,1.62,2.31,2.4,1.7,Crystal Palace_Norwich_2013,20,20,2014-01-01,2013,12,25
192,38,2.19,2.5,2.43,3.3,3.32,3.4,1.7,2.9,3.1,3.4,2.35,37,3.3,3.0,3.32,2.75,1.8,2.5,2.39,2.5,2.38,2.4,1.74,2.88,2.33,2.65,3.4,3.26,3.3,2.4,3.1,3.31,0.0,3.4,19.0,2.19,3.0,3.1,3.26,3.47,2.06,2.35,2.5,1.75,Fulham_West Ham_2013,20,20,2014-01-01,2013,15,37
193,38,2.04,1.32,1.31,6.0,5.74,5.5,1.82,10.0,5.75,6.42,1.25,30,6.0,10.5,12.2,9.5,1.6,1.27,1.28,1.3,1.22,1.3,1.53,11.0,2.1,10.0,5.5,11.4,5.2,1.25,11.0,5.95,-1.5,6.0,20.0,2.55,10.49,10.5,12.0,6.05,2.41,1.29,1.3,1.86,Liverpool_Hull_2013,20,20,2014-01-01,2013,20,17
194,38,1.86,1.83,1.81,3.8,3.65,3.8,2.02,4.6,3.8,3.85,1.7,37,3.6,4.6,5.59,4.8,1.8,1.75,1.78,1.8,1.8,1.75,1.71,4.33,1.9,4.5,3.75,4.88,3.5,1.8,4.75,3.82,-0.75,3.75,17.0,2.2,4.62,4.6,4.9,4.19,2.1,1.66,1.83,2.06,Man United_Tottenham_2013,20,20,2014-01-01,2013,22,34
195,38,2.05,4.0,3.85,3.5,3.39,3.6,1.83,2.1,3.5,3.6,3.75,37,3.3,2.1,2.09,2.0,2.02,3.7,3.8,4.0,3.5,3.75,1.89,2.0,2.09,1.95,3.3,2.07,3.35,3.8,2.05,3.58,0.5,3.4,17.0,1.95,2.02,1.95,2.1,3.49,1.88,3.95,3.75,1.86,Southampton_Chelsea_2013,20,20,2014-01-01,2013,30,11
196,37,2.06,4.18,4.18,3.3,3.31,3.4,1.83,2.05,3.3,3.4,3.7,36,3.2,2.1,1.86,2.0,2.16,3.6,3.82,4.0,3.6,3.75,2.06,2.0,2.1,2.0,3.4,2.07,3.3,3.8,2.1,3.35,0.5,3.4,16.0,1.81,2.04,2.0,2.1,3.8,1.74,4.54,3.9,1.88,Stoke_Everton_2013,20,20,2014-01-01,2013,31,14
197,38,1.77,2.2,2.14,3.4,3.32,3.5,2.09,3.5,3.2,3.5,2.1,37,3.25,3.7,4.03,3.4,2.19,2.2,2.12,2.15,2.05,2.15,2.07,3.6,1.83,3.1,3.3,3.77,3.3,2.1,3.75,3.47,-0.5,3.3,18.0,1.8,3.57,3.5,3.77,3.4,1.73,2.09,2.15,2.15,Sunderland_Aston Villa_2013,20,20,2014-01-01,2013,32,1
198,38,2.13,5.8,5.63,4.25,4.0,4.2,1.75,1.62,4.1,4.26,5.0,31,4.2,1.65,1.69,1.53,1.66,5.4,5.36,5.75,5.0,5.5,1.58,1.57,2.22,1.6,4.0,1.65,3.7,5.5,1.62,4.25,1.0,4.0,19.0,2.5,1.62,1.6,1.7,3.94,2.3,5.73,5.25,1.8,Swansea_Man City_2013,20,20,2014-01-01,2013,33,21
199,38,1.76,2.6,2.52,3.4,3.32,3.4,2.12,2.7,3.2,3.45,2.45,37,3.3,3.0,3.25,2.75,1.95,2.5,2.48,2.6,2.38,2.6,1.86,2.88,1.8,2.65,3.4,3.03,3.3,2.4,2.88,3.42,-0.25,3.4,18.0,2.04,2.86,2.85,3.02,3.48,1.91,2.35,2.5,2.2,West Brom_Newcastle_2013,20,20,2014-01-01,2013,36,24
200,43,1.76,1.4,1.38,5.0,4.72,5.0,2.11,10.0,4.75,5.1,1.34,42,4.0,9.5,9.25,10.0,1.84,1.37,1.37,1.36,1.4,1.33,1.76,9.0,1.84,7.5,4.8,10.1,4.6,1.36,10.0,5.06,-1.5,4.8,23.0,2.2,9.13,9.25,11.0,4.87,2.04,1.41,1.4,2.2,Tottenham_Crystal Palace_2013,21,21,2014-01-11,2013,34,12
201,43,2.05,1.88,1.85,3.7,3.58,3.75,1.81,4.8,3.7,3.75,1.75,42,3.3,4.6,4.8,4.5,1.96,1.8,1.81,1.83,1.85,1.8,1.89,4.8,2.1,4.2,3.5,4.78,3.5,1.8,4.75,3.71,-0.5,3.5,21.0,2.0,4.51,4.5,4.88,3.9,1.89,1.8,1.85,1.86,Southampton_West Brom_2013,21,21,2014-01-11,2013,30,36
202,43,1.93,1.62,1.58,4.0,4.02,4.2,1.92,6.0,3.9,4.33,1.52,41,3.75,6.25,7.07,7.0,1.88,1.45,1.54,1.57,1.53,1.53,1.78,6.0,2.0,7.0,4.2,6.78,4.0,1.57,7.0,4.18,-1.0,4.0,23.0,2.12,6.49,6.25,7.1,4.16,2.01,1.57,1.6,1.99,Man United_Swansea_2013,21,21,2014-01-11,2013,22,33
203,43,1.88,2.02,2.01,3.5,3.44,3.5,1.97,4.0,3.3,3.6,1.95,42,3.3,4.2,3.77,3.8,2.06,1.9,1.96,2.0,2.0,1.95,1.95,4.0,1.93,3.8,3.5,4.11,3.45,1.95,4.1,3.58,-0.5,3.4,21.0,1.92,3.92,4.0,4.5,3.67,1.83,2.08,2.0,2.01,Cardiff_West Ham_2013,21,21,2014-01-11,2013,9,37
204,43,1.75,2.24,2.19,3.3,3.3,3.4,2.13,3.2,3.2,3.4,2.2,42,3.1,3.6,3.81,3.5,1.97,2.15,2.16,2.2,2.2,2.2,1.89,3.4,1.8,3.2,3.4,3.75,3.3,2.2,3.75,3.37,-0.5,3.3,20.0,2.0,3.49,3.4,3.78,3.37,1.89,2.16,2.2,2.2,Fulham_Sunderland_2013,21,21,2014-01-11,2013,15,32
205,42,1.77,1.42,1.39,5.0,4.6,5.0,2.1,8.0,4.33,5.1,1.36,40,4.0,9.5,10.98,10.0,1.75,1.42,1.38,1.4,1.4,1.4,1.69,7.5,1.85,7.2,4.5,9.75,4.4,1.4,9.0,4.98,-1.5,4.5,22.0,2.38,8.95,10.0,10.0,5.38,2.13,1.35,1.4,2.18,Everton_Norwich_2013,21,21,2014-01-11,2013,14,25
206,43,2.09,6.83,6.43,4.0,3.79,4.0,1.78,1.61,3.8,4.05,6.0,41,3.6,1.62,1.67,1.62,2.18,5.5,6.15,6.5,6.0,6.0,2.02,1.57,2.18,1.57,3.75,1.63,3.8,6.0,1.6,3.97,1.0,3.8,23.0,1.85,1.6,1.57,1.65,3.88,1.77,6.11,6.5,1.83,Hull_Chelsea_2013,21,21,2014-01-11,2013,17,11
207,43,2.09,5.7,5.38,4.0,3.83,4.0,1.78,1.66,4.0,4.22,5.0,34,3.3,1.73,1.62,1.73,1.62,5.4,5.18,5.25,5.5,5.0,1.56,1.67,2.18,1.6,3.8,1.67,3.7,4.8,1.7,4.24,1.0,4.0,23.0,2.58,1.67,1.62,1.73,4.46,2.35,5.59,5.2,1.85,Newcastle_Man City_2013,21,21,2014-01-12,2013,24,21
208,42,2.03,6.2,5.98,4.0,3.83,4.0,1.83,1.66,3.75,4.25,5.5,41,3.4,1.67,1.5,1.67,1.78,4.7,5.66,5.75,6.0,5.0,1.73,1.62,2.1,1.7,3.75,1.64,3.6,5.5,1.67,4.14,1.0,4.0,22.0,2.25,1.63,1.62,1.7,4.68,2.08,7.17,5.75,1.9,Stoke_Liverpool_2013,21,21,2014-01-12,2013,31,20
209,40,2.0,6.26,6.26,4.2,3.92,4.2,1.86,1.57,3.9,4.3,6.0,39,3.6,1.62,1.5,1.62,1.82,5.5,5.96,6.0,6.0,5.5,1.73,1.57,2.08,1.57,4.0,1.6,3.8,6.0,1.62,4.26,1.0,4.0,20.0,2.22,1.58,1.55,1.62,4.67,2.07,7.18,6.0,1.9,Aston Villa_Arsenal_2013,21,21,2014-01-13,2013,1,0
210,43,1.71,3.25,3.19,3.3,3.25,3.3,2.17,2.4,3.2,3.4,3.0,41,3.0,2.5,2.54,2.5,2.24,2.75,3.01,3.2,3.0,3.0,2.07,2.5,1.76,2.4,3.3,2.49,3.3,2.88,2.45,3.28,0.0,3.3,23.0,1.8,2.42,2.4,2.55,3.31,1.73,3.08,3.1,2.28,Sunderland_Southampton_2013,22,22,2014-01-18,2013,32,30
211,43,1.75,3.1,3.03,3.4,3.3,3.4,2.11,2.5,3.3,3.4,2.95,42,3.0,2.5,2.48,2.5,1.93,2.75,2.94,3.0,3.0,2.87,1.86,2.4,1.81,2.4,3.3,2.54,3.3,2.88,2.5,3.38,0.0,3.4,23.0,2.04,2.44,2.35,2.55,3.44,1.92,3.07,3.0,2.18,West Ham_Newcastle_2013,22,22,2014-01-18,2013,37,24
212,43,2.24,2.45,2.41,3.3,3.2,3.25,1.67,3.1,3.0,3.4,2.45,38,3.1,3.25,3.08,3.1,2.46,2.2,2.36,2.4,2.4,2.37,2.3,3.25,2.34,3.1,3.25,3.36,3.3,2.3,3.25,3.24,0.0,3.25,24.0,1.67,3.15,3.1,3.35,3.21,1.59,2.61,2.45,1.72,Norwich_Hull_2013,22,22,2014-01-18,2013,25,17
213,43,1.81,1.25,1.23,7.0,6.45,7.0,2.05,13.0,6.5,7.1,1.2,22,5.5,15.0,15.0,15.0,1.5,1.2,1.22,1.22,1.22,1.22,1.44,13.0,1.9,12.5,6.5,16.14,6.0,1.22,15.0,6.9,-2.0,6.25,25.0,2.85,13.12,12.5,16.14,7.8,2.65,1.21,1.22,2.12,Arsenal_Fulham_2013,22,22,2014-01-18,2013,0,15
214,42,1.91,1.24,1.22,7.0,6.76,7.0,1.95,13.0,6.75,7.4,1.2,22,6.5,15.0,15.99,13.0,1.5,1.22,1.21,1.22,1.2,1.22,1.42,13.0,1.99,12.0,6.5,16.57,5.5,1.22,15.0,7.15,-2.0,6.0,24.0,3.0,13.01,11.5,16.62,8.45,2.74,1.19,1.22,2.0,Liverpool_Aston Villa_2013,22,22,2014-01-18,2013,20,1
215,43,1.94,2.38,2.25,3.2,3.2,3.12,1.92,3.2,3.2,3.3,2.2,38,3.0,3.5,3.69,3.4,2.5,2.2,2.26,2.35,2.3,2.37,2.31,3.25,2.01,3.2,3.2,3.67,3.2,2.3,3.5,3.29,-0.25,3.25,22.0,1.68,3.36,3.4,3.7,3.26,1.58,2.26,2.38,1.97,Crystal Palace_Stoke_2013,22,22,2014-01-18,2013,12,31
216,43,1.8,1.15,1.13,11.0,9.0,9.5,2.07,19.0,8.5,11.0,1.13,23,6.5,22.0,30.0,26.0,1.4,1.12,1.12,1.13,1.14,1.14,1.36,21.0,1.86,16.0,8.0,25.0,8.0,1.11,23.0,10.2,-2.5,8.0,23.0,3.25,19.89,15.5,26.0,12.38,2.97,1.1,1.14,2.14,Man City_Cardiff_2013,22,22,2014-01-18,2013,21,9
217,43,2.16,1.8,1.76,3.8,3.63,3.8,1.73,4.5,3.75,3.84,1.75,42,3.6,5.25,5.86,4.75,2.05,1.8,1.74,1.73,1.75,1.75,1.95,4.8,2.23,4.2,3.75,5.27,3.5,1.73,5.5,3.8,-0.5,3.6,22.0,1.97,4.92,4.4,5.5,3.93,1.82,1.68,1.75,1.76,Chelsea_Man United_2013,22,22,2014-01-19,2013,11,22
218,43,1.7,3.3,3.16,3.4,3.32,3.4,2.19,2.25,3.2,3.45,3.1,42,3.1,2.4,2.42,2.4,2.03,2.9,3.06,3.25,3.1,3.1,1.93,2.4,1.75,2.3,3.4,2.43,3.3,2.88,2.38,3.43,0.0,3.4,22.0,1.98,2.35,2.35,2.43,3.49,1.84,3.12,3.2,2.3,Swansea_Tottenham_2013,22,22,2014-01-19,2013,33,34
219,40,2.21,3.5,3.46,3.4,3.34,3.4,1.69,2.25,3.25,3.5,3.2,39,3.2,2.25,2.03,2.3,1.99,3.1,3.24,3.5,3.2,3.2,1.88,2.25,2.28,2.2,3.4,2.3,3.3,3.2,2.25,3.39,0.5,3.4,19.0,1.98,2.23,2.25,2.3,3.54,1.89,4.08,3.4,1.72,West Brom_Everton_2013,22,22,2014-01-20,2013,36,14
220,45,1.67,1.8,1.76,3.75,3.63,3.8,2.28,4.8,3.5,3.8,1.7,44,3.5,5.0,5.67,5.0,1.81,1.72,1.73,1.75,1.75,1.72,1.72,5.0,1.71,4.6,3.75,5.38,3.6,1.67,5.25,3.77,-1.0,3.8,23.0,2.2,5.09,5.25,5.5,3.94,2.09,1.7,1.75,2.4,Swansea_Fulham_2013,23,23,2014-01-28,2013,33,15
221,45,1.91,4.7,4.26,3.5,3.47,3.5,1.95,1.9,3.5,3.7,4.1,44,3.4,1.95,2.03,1.91,1.98,4.0,4.16,4.33,4.0,4.2,1.89,1.95,1.95,1.85,3.5,1.97,3.45,4.0,1.95,3.6,0.5,3.5,23.0,1.98,1.92,1.87,1.98,3.6,1.89,4.0,4.2,2.01,Southampton_Arsenal_2013,23,23,2014-01-28,2013,30,0
222,44,1.98,2.75,2.63,3.4,3.27,3.4,1.87,2.62,3.3,3.4,2.55,44,3.0,2.88,2.95,2.8,2.04,2.75,2.63,2.7,2.7,2.62,1.93,2.75,2.06,2.4,3.4,2.88,3.3,2.63,2.8,3.42,0.0,3.3,25.0,1.95,2.77,2.7,2.89,3.38,1.85,2.6,2.6,1.91,Norwich_Newcastle_2013,23,23,2014-01-28,2013,25,24
223,43,2.09,1.85,1.83,3.9,3.7,3.8,1.79,4.2,3.8,3.9,1.75,34,3.3,4.4,4.73,4.5,1.67,1.8,1.81,1.83,1.85,1.83,1.58,4.33,2.17,4.2,3.75,4.58,3.5,1.8,4.5,3.89,-0.5,3.75,21.0,2.5,4.45,4.33,4.8,3.94,2.33,1.8,1.85,1.85,Liverpool_Everton_2013,23,23,2014-01-28,2013,20,14
224,45,2.14,2.6,2.56,3.2,3.1,3.1,1.73,3.0,3.0,3.25,2.5,35,3.0,3.2,3.33,3.0,2.75,2.2,2.47,2.5,2.5,2.5,2.55,3.13,2.22,3.2,3.2,3.18,3.2,2.4,3.2,3.17,0.0,3.13,24.0,1.62,3.1,3.0,3.25,3.12,1.49,2.5,2.6,1.8,Crystal Palace_Hull_2013,23,23,2014-01-28,2013,12,17
225,44,2.18,1.3,1.24,6.5,6.06,6.5,1.72,11.0,6.0,6.8,1.22,37,5.0,15.0,16.99,15.0,1.68,1.3,1.24,1.25,1.25,1.25,1.61,12.0,2.34,9.0,6.0,16.32,5.0,1.25,15.0,6.54,-1.5,5.5,25.0,2.41,13.39,12.5,16.32,6.92,2.26,1.22,1.25,1.76,Man United_Cardiff_2013,23,23,2014-01-28,2013,22,9
226,45,2.04,2.64,2.64,3.3,3.27,3.3,1.82,2.87,3.25,3.45,2.5,44,3.1,2.9,2.91,2.8,2.05,2.6,2.53,2.6,2.62,2.5,1.95,2.8,2.12,2.7,3.3,2.95,3.1,2.5,3.0,3.31,0.0,3.3,25.0,1.92,2.84,2.8,3.0,3.23,1.82,2.72,2.6,1.86,Aston Villa_West Brom_2013,23,23,2014-01-29,2013,1,36
227,45,1.86,1.21,1.2,8.0,6.91,7.5,2.0,17.0,6.5,8.0,1.2,34,6.0,17.0,16.0,17.0,1.55,1.17,1.19,1.18,1.2,1.2,1.49,13.0,1.92,14.0,6.5,18.95,6.5,1.2,19.0,7.45,-2.0,6.5,26.0,2.74,15.47,13.0,20.0,7.91,2.53,1.2,1.2,2.08,Chelsea_West Ham_2013,23,23,2014-01-29,2013,11,37
228,44,1.77,2.15,2.15,3.4,3.29,3.4,2.1,3.6,3.3,3.45,2.0,39,3.2,3.75,4.08,3.6,2.38,2.05,2.1,2.1,2.1,2.15,2.24,3.5,1.82,3.5,3.25,3.93,3.3,2.1,3.9,3.33,-0.5,3.4,23.0,1.71,3.66,3.8,4.05,3.5,1.63,2.04,2.15,2.16,Sunderland_Stoke_2013,23,23,2014-01-29,2013,32,31
229,45,2.02,4.0,3.77,3.75,3.55,3.75,1.85,2.0,3.6,3.85,3.5,38,3.5,2.05,1.89,2.0,1.65,3.6,3.65,3.75,3.6,3.6,1.59,2.0,2.08,2.0,3.6,2.07,3.3,3.6,2.05,3.68,0.5,3.5,23.0,2.52,2.01,2.0,2.08,3.9,2.31,4.26,3.5,1.9,Tottenham_Man City_2013,23,23,2014-01-29,2013,34,21
230,45,1.95,2.0,1.93,3.5,3.42,3.6,1.91,4.33,3.5,3.6,1.8,44,3.3,4.3,4.35,4.0,2.05,1.9,1.91,1.95,1.95,1.85,1.91,4.0,2.01,3.8,3.5,4.54,3.45,1.95,4.33,3.56,-0.5,3.4,23.0,1.98,4.19,4.4,4.5,3.45,1.87,2.01,1.95,1.98,Newcastle_Sunderland_2013,24,24,2014-02-01,2013,24,32
231,45,1.95,7.5,6.95,4.0,3.86,4.0,1.91,1.57,3.9,4.15,6.0,44,3.5,1.6,1.5,1.57,1.91,5.4,6.49,7.0,7.0,6.0,1.82,1.57,2.05,1.6,4.0,1.58,3.7,6.0,1.57,4.13,1.0,4.0,26.0,2.05,1.56,1.55,1.6,4.44,1.96,7.82,6.5,1.97,Stoke_Man United_2013,24,24,2014-02-01,2013,31,22
232,45,2.05,4.05,3.87,3.5,3.35,3.5,1.82,1.9,3.5,3.6,3.75,44,3.1,2.1,2.21,2.05,2.08,3.8,3.8,4.0,4.0,4.0,1.95,2.1,2.11,1.9,3.5,2.11,3.45,3.5,2.05,3.48,0.5,3.3,21.0,1.94,2.03,1.95,2.11,3.36,1.84,3.7,3.8,1.87,Hull_Tottenham_2013,24,24,2014-02-01,2013,17,34
233,45,1.8,3.05,2.97,3.4,3.28,3.3,2.06,2.62,3.25,3.4,2.85,44,3.1,2.62,2.67,2.62,2.05,2.65,2.86,2.9,2.8,2.62,1.95,2.5,1.88,2.5,3.3,2.58,3.3,2.88,2.6,3.39,0.0,3.3,25.0,1.93,2.51,2.45,2.66,3.4,1.83,2.85,2.9,2.15,West Ham_Swansea_2013,24,24,2014-02-01,2013,37,33
234,44,2.07,1.55,1.52,4.33,4.2,4.33,1.79,6.5,4.33,4.5,1.42,43,3.75,7.0,6.74,7.0,1.82,1.45,1.48,1.53,1.53,1.5,1.74,6.5,2.15,7.0,4.33,7.5,4.0,1.53,7.0,4.35,-1.0,4.0,24.0,2.2,7.06,7.5,7.82,4.11,2.06,1.59,1.55,1.91,Everton_Aston Villa_2013,24,24,2014-02-01,2013,14,1
235,45,1.95,2.3,2.27,3.4,3.31,3.4,1.92,3.2,3.25,3.5,2.2,44,3.1,3.4,3.6,3.3,2.15,2.2,2.24,2.3,2.3,2.25,2.05,3.4,2.0,3.1,3.4,3.57,3.3,2.2,3.4,3.35,-0.25,3.3,22.0,1.87,3.29,3.3,3.57,3.44,1.75,2.22,2.3,1.97,Cardiff_Norwich_2013,24,24,2014-02-01,2013,9,25
236,45,1.88,3.63,3.63,3.4,3.35,3.5,1.99,2.2,3.3,3.5,3.4,44,3.2,2.2,2.19,2.25,1.87,3.0,3.35,3.6,3.3,3.25,1.78,2.2,1.91,2.25,3.4,2.22,3.3,3.2,2.2,3.39,0.25,3.5,22.0,2.12,2.18,2.15,2.25,3.45,2.0,3.67,3.4,2.04,Fulham_Southampton_2013,24,24,2014-02-01,2013,15,30
237,45,1.69,1.23,1.23,7.0,6.22,6.5,2.2,13.0,6.5,8.0,1.2,37,5.5,17.0,16.46,15.0,1.7,1.22,1.21,1.22,1.22,1.22,1.62,17.0,1.75,12.0,6.0,17.01,5.5,1.2,16.0,6.88,-2.0,6.25,23.0,2.44,13.93,12.5,18.0,6.37,2.22,1.25,1.22,2.3,Arsenal_Crystal Palace_2013,24,24,2014-02-02,2013,0,12
238,44,2.06,6.0,5.89,4.33,3.9,4.0,1.81,1.66,3.6,4.33,5.75,37,3.4,1.65,1.66,1.67,1.63,5.4,5.49,5.75,6.0,5.0,1.55,1.62,2.12,1.6,3.75,1.64,3.7,5.5,1.62,4.19,1.0,4.0,25.0,2.55,1.63,1.62,1.67,4.15,2.36,5.66,5.0,1.86,West Brom_Liverpool_2013,24,24,2014-02-02,2013,36,20
239,43,2.02,1.89,1.88,3.8,3.52,3.75,1.85,4.33,3.75,3.8,1.8,42,3.3,4.4,3.87,4.5,1.8,1.85,1.84,1.85,1.85,1.8,1.72,4.0,2.07,4.0,3.6,4.72,3.45,1.83,4.5,3.63,-0.5,3.8,21.0,2.2,4.38,4.1,4.72,3.47,2.09,2.1,1.87,1.9,Man City_Chelsea_2013,24,24,2014-02-03,2013,21,11
240,44,1.77,2.2,2.14,3.4,3.26,3.3,2.1,3.8,3.2,3.5,2.1,41,3.0,3.9,3.3,3.75,2.56,1.95,2.1,2.15,2.15,2.1,2.32,3.8,1.81,3.7,3.3,3.97,3.35,2.05,3.8,3.33,-0.5,3.3,23.0,1.67,3.71,3.6,3.97,3.3,1.59,2.43,2.15,2.16,Sunderland_Hull_2013,25,25,2014-02-08,2013,32,17
241,44,1.99,1.6,1.55,4.0,3.96,4.1,1.88,6.5,4.2,4.5,1.5,43,3.6,7.0,7.58,7.5,2.15,1.6,1.52,1.55,1.53,1.57,2.05,7.0,2.08,5.4,3.75,7.43,3.7,1.53,7.5,4.2,-1.0,3.8,26.0,1.87,6.98,6.25,7.8,4.21,1.76,1.54,1.57,1.92,Southampton_Stoke_2013,25,25,2014-02-08,2013,30,31
242,44,1.98,10.0,9.51,5.5,5.16,5.5,1.88,1.36,5.25,6.0,9.0,34,4.33,1.36,1.38,1.36,1.53,9.0,8.85,9.0,10.0,7.5,1.48,1.33,2.03,1.3,5.5,1.37,5.0,9.0,1.36,5.42,1.5,5.25,26.0,2.75,1.34,1.31,1.37,5.5,2.54,9.2,9.0,1.97,Norwich_Man City_2013,25,25,2014-02-08,2013,25,21
243,44,2.01,1.9,1.89,3.6,3.48,3.6,1.85,4.2,3.7,4.0,1.75,42,3.2,4.5,4.68,4.8,2.14,1.7,1.84,1.85,1.85,1.85,1.99,4.5,2.06,4.7,3.6,4.66,3.6,1.83,4.75,3.61,-0.5,3.5,23.0,1.87,4.52,4.5,5.2,3.58,1.8,1.9,1.91,1.9,Swansea_Cardiff_2013,25,25,2014-02-08,2013,33,9
244,44,2.05,2.73,2.66,3.3,3.16,3.2,1.81,3.0,3.2,3.4,2.5,41,3.1,3.0,2.96,2.8,2.5,2.4,2.54,2.6,2.6,2.4,2.32,2.88,2.13,2.9,3.25,3.03,3.1,2.5,3.0,3.2,0.0,3.2,24.0,1.67,2.9,2.85,3.1,3.23,1.59,2.68,2.62,1.9,Crystal Palace_West Brom_2013,25,25,2014-02-08,2013,12,36
245,44,2.22,1.3,1.25,6.25,5.94,6.25,1.69,13.0,5.5,6.7,1.25,41,5.0,15.0,16.93,15.0,1.74,1.3,1.24,1.25,1.25,1.25,1.67,13.0,2.31,9.0,5.5,16.02,5.0,1.25,15.0,6.42,-1.5,5.5,26.0,2.38,13.55,12.0,15.8,6.81,2.18,1.23,1.25,1.76,Chelsea_Newcastle_2013,25,25,2014-02-08,2013,11,24
246,43,1.78,2.15,2.14,3.5,3.34,3.5,2.09,3.8,3.3,3.6,2.0,42,3.0,3.6,4.1,3.75,2.14,2.1,2.08,2.1,2.15,2.0,1.99,3.6,1.83,3.4,3.4,3.8,3.2,2.05,3.8,3.45,-0.5,3.5,23.0,1.9,3.64,3.8,4.0,3.4,1.8,2.08,2.15,2.15,Aston Villa_West Ham_2013,25,25,2014-02-08,2013,1,37
247,43,2.01,2.25,2.17,3.6,3.46,3.6,1.85,3.3,3.5,3.7,2.1,40,3.1,3.4,3.4,3.5,1.7,2.2,2.15,2.2,2.2,2.2,1.63,3.3,2.08,3.1,3.4,3.45,3.3,2.1,3.4,3.7,-0.25,3.6,23.0,2.38,3.35,3.25,3.61,3.64,2.25,2.22,2.2,1.9,Liverpool_Arsenal_2013,25,25,2014-02-08,2013,20,0
248,44,1.94,1.22,1.21,7.0,6.72,7.0,1.92,13.0,6.25,8.0,1.2,34,5.0,15.0,20.15,21.0,1.53,1.2,1.19,1.2,1.22,1.22,1.48,17.0,2.05,13.0,6.5,18.45,5.8,1.2,19.0,7.2,-2.0,6.25,26.0,2.98,15.73,14.0,21.0,9.49,2.59,1.15,1.22,1.96,Man United_Fulham_2013,25,25,2014-02-09,2013,22,15
249,43,1.78,2.16,2.16,3.5,3.36,3.5,2.09,3.75,3.3,3.55,2.05,42,3.0,3.6,3.63,3.75,1.98,2.1,2.11,2.1,2.15,2.1,1.85,3.4,1.83,3.3,3.4,3.7,3.3,2.1,3.75,3.49,-0.5,3.5,21.0,2.0,3.54,3.6,3.75,3.37,1.94,2.25,2.15,2.15,Tottenham_Everton_2013,25,25,2014-02-09,2013,34,14
250,46,1.85,2.08,2.05,3.5,3.39,3.5,2.02,3.75,3.4,3.55,2.0,45,3.2,3.8,3.52,3.75,2.04,2.0,2.01,2.05,2.05,2.05,1.94,3.8,1.9,3.6,3.4,3.99,3.3,2.0,4.0,3.55,-0.5,3.4,25.0,1.98,3.86,3.7,4.12,3.45,1.84,2.24,2.05,2.07,West Ham_Norwich_2013,26,26,2014-02-11,2013,37,25
251,45,1.87,8.0,8.0,4.5,4.21,4.33,2.0,1.5,4.25,5.0,7.0,45,4.0,1.53,1.53,1.5,1.95,6.1,7.17,7.5,7.0,7.0,1.87,1.5,1.91,1.5,4.0,1.5,4.0,7.0,1.5,4.38,1.0,4.0,26.0,2.08,1.49,1.45,1.55,4.43,1.92,7.01,7.0,2.12,West Brom_Chelsea_2013,26,26,2014-02-11,2013,36,11
252,45,2.11,2.6,2.53,3.4,3.29,3.4,1.76,3.0,3.2,3.45,2.45,43,3.1,2.9,2.75,2.9,2.14,2.3,2.46,2.5,2.5,2.4,2.03,3.0,2.17,2.9,3.3,3.02,3.3,2.4,3.0,3.4,0.0,3.3,25.0,1.88,2.95,2.9,3.1,3.43,1.77,2.74,2.6,1.81,Cardiff_Aston Villa_2013,26,26,2014-02-11,2013,9,1
253,46,1.84,3.02,2.95,3.25,3.19,3.25,2.01,2.5,3.2,3.31,2.85,43,3.1,2.7,2.67,2.6,2.35,2.85,2.91,3.0,2.8,3.0,2.23,2.4,1.92,2.4,3.2,2.64,3.2,3.0,2.6,3.31,0.0,3.2,26.0,1.76,2.55,2.5,2.68,3.26,1.64,2.98,2.88,2.11,Hull_Southampton_2013,26,26,2014-02-11,2013,17,30
254,46,1.77,2.2,2.14,3.5,3.37,3.5,2.1,3.4,3.4,3.61,2.1,45,3.1,3.5,3.29,3.6,1.9,2.2,2.11,2.15,2.15,2.1,1.8,3.4,1.83,3.1,3.5,3.64,3.3,2.1,3.6,3.61,-0.5,3.5,25.0,2.15,3.54,3.4,4.0,3.34,1.99,2.39,2.15,2.16,Arsenal_Man United_2013,26,26,2014-02-12,2013,0,22
255,44,2.07,8.5,8.0,5.25,4.75,5.0,1.79,1.44,4.5,5.4,7.25,34,4.33,1.44,1.41,1.44,1.61,7.0,7.5,8.0,7.0,6.5,1.48,1.4,2.15,1.45,4.5,1.42,4.0,7.5,1.4,5.21,1.5,4.5,24.0,2.56,1.41,1.42,1.45,5.29,2.41,8.26,7.5,1.87,Fulham_Liverpool_2013,26,26,2014-02-12,2013,15,20
256,46,2.01,3.3,3.22,3.5,3.36,3.5,1.87,2.25,3.5,3.55,3.0,45,3.1,2.3,2.49,2.38,2.01,2.75,3.11,3.3,3.2,3.2,1.91,2.3,2.06,2.4,3.4,2.4,3.3,3.0,2.3,3.41,0.25,3.4,23.0,1.99,2.3,2.25,2.4,3.4,1.87,3.07,3.3,1.9,Newcastle_Tottenham_2013,26,26,2014-02-12,2013,24,34
257,46,1.99,2.75,2.75,3.25,3.18,3.25,1.85,3.0,3.2,3.37,2.5,43,3.1,2.88,2.85,2.7,2.39,2.4,2.61,2.7,2.7,2.37,2.26,2.88,2.14,2.75,3.25,2.88,3.3,2.5,2.9,3.24,0.0,3.25,26.0,1.7,2.81,2.85,3.0,3.16,1.62,2.84,2.7,1.92,Stoke_Swansea_2013,26,26,2014-02-12,2013,31,33
258,44,1.69,3.31,3.24,3.4,3.27,3.4,2.19,2.5,3.25,3.45,3.0,42,3.0,2.5,2.15,2.5,2.14,2.65,3.02,3.2,3.0,2.75,2.04,2.4,1.77,2.5,3.3,2.44,3.3,3.0,2.4,3.33,0.0,3.3,23.0,1.84,2.4,2.35,2.5,3.46,1.76,3.67,3.0,2.33,West Ham_Southampton_2013,27,27,2014-02-22,2013,37,30
259,44,2.13,1.83,1.77,3.9,3.68,3.8,1.75,4.33,3.8,3.95,1.72,42,3.5,4.6,5.46,4.5,1.9,1.8,1.77,1.8,1.8,1.8,1.79,4.5,2.21,4.2,3.6,5.01,3.5,1.73,4.75,3.9,-0.5,3.8,21.0,2.1,4.65,4.5,5.01,3.81,2.0,1.74,1.83,1.83,West Brom_Fulham_2013,27,27,2014-02-22,2013,36,15
260,44,1.98,1.2,1.17,8.0,7.38,8.0,1.89,15.0,7.5,8.6,1.16,34,6.0,19.0,18.7,15.0,1.47,1.15,1.17,1.18,1.2,1.18,1.41,17.0,2.05,15.0,7.0,20.55,7.0,1.17,19.0,8.6,-2.0,7.0,23.0,3.05,15.32,14.5,20.55,8.36,2.78,1.18,1.18,1.93,Man City_Stoke_2013,26,27,2014-02-22,2013,21,31
261,44,1.99,2.8,2.77,3.2,3.13,3.12,1.86,2.9,3.1,3.3,2.5,35,3.1,2.88,2.65,2.7,2.56,2.3,2.64,2.75,2.7,2.5,2.41,2.88,2.04,2.9,3.2,2.91,3.3,2.6,2.88,3.18,0.0,3.13,23.0,1.62,2.82,2.9,2.93,3.22,1.54,3.01,2.8,1.91,Cardiff_Hull_2013,27,27,2014-02-22,2013,9,17
262,43,1.83,1.62,1.58,4.0,3.85,4.0,2.04,6.0,4.1,4.1,1.53,40,3.4,6.25,6.6,7.0,2.04,1.5,1.57,1.57,1.6,1.57,1.94,6.5,1.9,6.1,4.0,6.99,4.0,1.53,7.0,4.08,-1.0,4.0,23.0,1.96,6.29,6.0,7.0,3.97,1.85,1.63,1.62,2.11,Chelsea_Everton_2013,27,26,2014-02-22,2013,11,14
263,44,1.92,1.35,1.34,5.5,5.15,5.4,1.93,10.0,5.25,5.6,1.28,42,4.5,11.0,10.6,11.0,1.81,1.27,1.31,1.33,1.33,1.3,1.73,12.0,2.0,10.0,5.5,11.5,5.2,1.29,11.0,5.3,-1.5,5.25,24.0,2.18,10.42,10.5,13.0,5.42,2.08,1.35,1.33,2.0,Arsenal_Sunderland_2013,27,26,2014-02-22,2013,0,32
264,44,2.0,7.0,6.89,4.0,3.87,4.0,1.86,1.57,3.6,4.12,6.5,41,3.6,1.57,1.61,1.62,2.08,5.1,6.18,6.5,6.0,6.0,1.97,1.57,2.06,1.65,4.0,1.58,3.6,6.0,1.6,4.12,1.0,4.0,24.0,1.91,1.58,1.57,1.65,4.15,1.81,6.26,7.0,1.91,Crystal Palace_Man United_2013,26,27,2014-02-22,2013,12,22
265,43,2.01,1.31,1.31,5.75,5.51,5.75,1.84,10.0,5.25,6.2,1.31,34,5.0,11.0,12.04,11.0,1.53,1.27,1.29,1.3,1.3,1.3,1.46,10.0,2.1,10.0,5.5,11.14,5.2,1.29,12.0,6.01,-1.5,5.8,23.0,2.92,10.2,9.0,12.02,6.28,2.6,1.29,1.3,1.92,Liverpool_Swansea_2013,27,27,2014-02-23,2013,20,33
266,44,1.83,2.15,2.07,3.4,3.33,3.4,2.05,3.6,3.25,3.5,2.05,42,3.1,3.8,4.23,3.6,2.1,2.1,2.07,2.1,2.15,2.05,2.0,3.6,1.87,3.3,3.4,4.09,3.3,2.1,3.9,3.42,-0.5,3.3,21.0,1.87,3.7,3.7,4.09,3.52,1.79,1.98,2.1,2.09,Newcastle_Aston Villa_2013,27,27,2014-02-23,2013,24,1
267,44,2.08,4.0,3.77,3.5,3.34,3.5,1.79,1.9,3.4,3.5,3.7,42,3.3,2.1,2.03,2.1,2.05,4.0,3.72,3.8,3.5,4.0,1.96,2.0,2.15,1.85,3.5,2.15,3.45,3.75,2.1,3.46,0.5,3.4,21.0,1.92,2.06,2.0,2.15,3.51,1.82,4.02,3.75,1.83,Norwich_Tottenham_2013,27,27,2014-02-23,2013,25,34
268,42,2.01,1.57,1.54,4.2,4.06,4.3,1.86,7.0,4.0,4.4,1.5,40,3.5,7.0,7.61,7.0,1.85,1.5,1.51,1.53,1.57,1.44,1.77,7.0,2.09,6.1,4.33,7.23,4.0,1.5,7.5,4.28,-1.0,4.0,23.0,2.14,6.85,6.75,8.0,4.39,2.02,1.51,1.55,1.94,Everton_West Ham_2013,27,28,2014-03-01,2013,14,37
269,43,1.76,8.0,7.44,4.75,4.34,4.75,2.12,1.45,4.33,4.75,6.75,39,4.0,1.45,1.45,1.44,1.8,7.3,7.43,8.0,8.0,7.5,1.72,1.44,1.83,1.4,4.5,1.5,4.4,7.5,1.45,4.6,1.0,4.33,21.0,2.2,1.45,1.45,1.5,4.85,2.1,8.06,8.0,2.18,Fulham_Chelsea_2013,28,28,2014-03-01,2013,15,11
270,43,2.25,2.45,2.38,3.2,3.18,3.2,1.66,2.9,3.3,3.3,2.4,39,3.1,3.3,3.55,3.1,2.48,2.3,2.37,2.45,2.4,2.45,2.31,3.3,2.38,3.0,3.25,3.42,3.2,2.4,3.3,3.24,0.0,3.0,23.0,1.7,3.15,3.1,3.42,3.28,1.6,2.31,2.45,1.7,Hull_Newcastle_2013,28,28,2014-03-01,2013,17,24
271,42,2.07,3.8,3.58,3.75,3.53,3.75,1.81,2.0,3.5,3.75,3.75,33,3.1,2.1,2.03,2.1,1.65,3.8,3.55,3.75,3.75,3.6,1.58,2.05,2.12,1.9,3.6,2.11,3.45,3.4,2.05,3.74,0.5,3.6,20.0,2.5,2.04,2.05,2.11,3.76,2.33,3.82,3.5,1.85,Southampton_Liverpool_2013,28,28,2014-03-01,2013,30,20
272,43,2.22,6.1,5.97,3.8,3.64,3.75,1.69,1.72,3.7,3.85,5.25,41,3.1,1.73,1.8,1.73,2.09,5.4,5.48,5.5,6.0,5.0,1.97,1.67,2.31,1.6,3.75,1.71,3.7,5.5,1.73,3.74,1.0,3.6,24.0,1.92,1.68,1.65,1.73,3.7,1.82,5.19,5.5,1.77,Stoke_Arsenal_2013,28,28,2014-03-01,2013,31,0
273,43,1.84,1.36,1.36,5.25,4.89,5.25,2.02,8.5,5.0,5.4,1.31,41,4.2,11.0,10.87,11.0,1.79,1.35,1.33,1.33,1.36,1.33,1.7,9.0,1.92,7.6,5.0,10.58,4.8,1.36,12.0,5.29,-1.5,4.8,25.0,2.25,10.09,9.75,13.0,5.49,2.13,1.34,1.33,2.08,Tottenham_Cardiff_2013,28,28,2014-03-02,2013,34,9
274,43,1.8,2.15,2.11,3.4,3.31,3.4,2.07,3.6,3.4,3.5,1.95,40,3.2,3.9,3.49,3.5,2.26,2.0,2.08,2.1,2.15,2.05,2.15,3.8,1.85,3.6,3.4,4.01,3.3,2.1,3.9,3.38,-0.5,3.2,22.0,1.77,3.69,3.75,4.01,3.39,1.68,2.27,2.1,2.12,Aston Villa_Norwich_2013,28,28,2014-03-02,2013,1,25
275,43,2.05,1.87,1.85,3.5,3.42,3.5,1.82,4.33,3.3,3.65,1.75,41,3.1,4.8,5.31,5.0,2.22,1.8,1.82,1.85,1.83,1.8,2.1,4.8,2.11,4.2,3.6,5.12,3.5,1.83,5.0,3.52,-0.5,3.4,22.0,1.8,4.73,5.0,5.12,3.63,1.72,1.8,1.87,1.86,Swansea_Crystal Palace_2013,28,27,2014-03-02,2013,33,12
276,49,1.89,2.4,2.3,3.5,3.35,3.4,1.97,3.1,3.2,3.51,2.25,47,3.1,3.25,3.43,3.1,2.02,2.2,2.3,2.35,2.4,2.25,1.92,3.0,1.94,3.1,3.4,3.36,3.3,2.3,3.2,3.48,-0.25,3.4,23.0,1.96,3.14,3.25,3.35,3.49,1.87,2.26,2.38,2.02,Cardiff_Fulham_2013,29,29,2014-03-08,2013,9,15
277,49,1.88,1.62,1.56,4.0,3.91,4.0,1.98,5.5,3.75,4.5,1.57,45,3.4,6.5,7.75,7.0,1.93,1.55,1.57,1.57,1.6,1.61,1.85,6.0,1.99,5.6,3.75,7.07,3.9,1.57,7.0,4.22,-1.0,3.8,28.0,2.08,6.38,6.25,7.1,4.39,1.95,1.51,1.6,2.06,Chelsea_Tottenham_2013,29,29,2014-03-08,2013,11,34
278,49,2.12,3.93,3.92,3.3,3.26,3.3,1.75,2.2,3.25,3.4,3.5,44,3.1,2.15,2.18,2.2,2.4,3.0,3.58,3.9,3.5,3.25,2.25,2.2,2.19,2.3,3.25,2.16,3.2,3.4,2.15,3.3,0.5,3.3,24.0,1.69,2.15,2.1,2.3,3.36,1.62,3.79,3.9,1.82,Crystal Palace_Southampton_2013,28,29,2014-03-08,2013,12,30
279,49,1.71,2.3,2.24,3.3,3.22,3.2,2.18,3.4,3.1,3.4,2.25,44,3.1,3.6,3.81,3.3,2.5,2.1,2.22,2.25,2.3,2.15,2.34,3.4,1.74,3.3,3.25,3.75,3.3,2.2,3.6,3.26,-0.5,3.3,24.0,1.67,3.44,3.4,3.73,3.2,1.58,2.26,2.3,2.25,Norwich_Stoke_2013,29,29,2014-03-08,2013,25,31
280,49,1.83,5.3,5.0,3.6,3.54,3.6,2.02,1.72,3.6,3.8,4.75,46,3.2,1.83,1.89,1.83,2.12,4.7,4.59,5.0,4.8,4.5,1.99,1.73,1.89,1.7,3.75,1.82,3.6,4.8,1.83,3.7,0.5,3.75,25.0,1.9,1.81,1.72,1.89,3.59,1.8,4.69,5.0,2.09,West Brom_Man United_2013,28,28,2014-03-08,2013,36,22
281,48,1.95,2.1,1.93,3.6,3.43,3.6,1.9,4.33,3.4,3.6,1.91,44,3.2,4.4,4.33,4.2,2.05,2.1,1.92,1.95,1.95,1.9,1.96,3.8,2.01,3.3,3.4,4.54,3.3,2.0,4.33,3.56,-0.5,3.4,26.0,1.91,4.12,4.0,4.54,3.42,1.82,2.01,1.92,1.94,Swansea_West Brom_2013,29,29,2014-03-15,2013,33,36
282,48,1.78,2.16,2.16,3.3,3.24,3.3,2.1,3.8,3.1,3.4,2.05,40,3.1,4.0,3.6,3.6,2.51,2.1,2.09,2.15,2.15,2.05,2.35,3.8,1.82,3.3,3.3,4.03,3.3,2.05,3.9,3.22,-0.5,3.3,25.0,1.67,3.73,4.0,4.1,3.37,1.57,2.24,2.15,2.15,Sunderland_Crystal Palace_2013,27,29,2014-03-15,2013,32,12
283,49,1.68,2.3,2.29,3.3,3.19,3.2,2.22,3.4,3.2,3.35,2.2,43,3.0,3.7,3.54,3.4,2.56,2.2,2.23,2.25,2.3,2.25,2.35,3.5,1.73,3.2,3.25,3.74,3.2,2.2,3.6,3.16,-0.5,3.2,23.0,1.62,3.41,3.4,3.75,3.25,1.57,2.33,2.25,2.29,Stoke_West Ham_2013,30,29,2014-03-15,2013,31,37
284,48,1.86,1.65,1.59,4.0,3.89,4.0,2.0,6.0,3.8,4.2,1.57,47,3.6,6.5,7.38,6.0,2.0,1.65,1.58,1.62,1.62,1.61,1.93,6.0,1.92,5.1,3.75,7.26,3.6,1.57,6.5,3.95,-1.0,3.8,28.0,1.96,6.18,6.0,7.26,4.16,1.86,1.55,1.62,2.06,Southampton_Norwich_2013,30,30,2014-03-15,2013,30,25
285,48,1.79,3.0,2.96,3.4,3.33,3.5,2.05,2.4,3.3,3.5,2.85,45,3.2,2.5,2.75,2.5,1.91,2.6,2.86,2.9,2.8,2.9,1.81,2.4,1.87,2.6,3.4,2.57,3.2,3.0,2.6,3.41,0.0,3.3,27.0,2.1,2.48,2.45,2.62,3.48,1.98,2.7,2.9,2.12,Fulham_Newcastle_2013,30,29,2014-03-15,2013,15,24
286,47,1.86,1.37,1.36,5.0,4.87,5.0,2.0,9.0,5.0,5.4,1.31,46,4.33,12.0,11.32,10.0,1.81,1.37,1.34,1.36,1.36,1.36,1.75,10.0,1.94,7.5,4.8,10.6,4.6,1.33,11.0,5.23,-1.5,4.8,27.0,2.2,9.76,9.75,12.0,5.6,2.05,1.33,1.33,2.08,Everton_Cardiff_2013,28,30,2014-03-15,2013,14,9
287,49,1.96,6.9,6.62,4.33,4.13,4.3,1.89,1.53,4.0,4.5,6.25,46,3.8,1.57,1.56,1.57,1.82,6.1,6.14,6.5,6.0,6.5,1.74,1.5,2.03,1.5,4.33,1.56,4.0,6.5,1.57,4.34,1.0,4.5,28.0,2.24,1.55,1.53,1.6,4.46,2.06,6.37,6.5,1.95,Hull_Man City_2013,29,27,2014-03-15,2013,17,21
288,49,1.9,7.8,7.65,4.33,4.08,4.2,1.96,1.5,4.0,4.35,7.25,47,3.75,1.53,1.51,1.53,2.04,6.1,6.83,7.0,7.0,7.0,1.94,1.5,1.95,1.5,4.0,1.52,4.0,7.5,1.53,4.32,1.0,4.0,28.0,2.0,1.51,1.48,1.6,4.44,1.84,7.54,7.5,2.08,Aston Villa_Chelsea_2013,29,30,2014-03-15,2013,1,11
289,47,2.1,2.56,2.49,3.6,3.36,3.5,1.77,2.8,3.3,3.6,2.45,46,3.0,3.0,2.93,3.0,1.78,2.4,2.46,2.5,2.5,2.5,1.71,2.75,2.17,2.75,3.4,2.98,3.3,2.5,2.9,3.52,0.0,3.4,25.0,2.28,2.86,2.8,3.0,3.54,2.1,2.52,2.45,1.82,Man United_Liverpool_2013,29,29,2014-03-16,2013,22,20
290,49,1.72,3.2,3.11,3.4,3.32,3.4,2.15,2.5,3.2,3.44,2.95,46,3.0,2.45,2.25,2.4,2.0,2.75,2.97,3.1,3.2,2.9,1.93,2.5,1.76,2.4,3.3,2.45,3.3,2.8,2.45,3.44,0.0,3.4,24.0,2.0,2.4,2.4,2.5,3.52,1.86,3.47,3.1,2.23,Tottenham_Arsenal_2013,30,29,2014-03-16,2013,34,0
291,50,2.02,2.25,2.14,3.3,3.25,3.2,1.84,3.5,3.25,3.4,2.1,47,3.0,3.7,3.51,3.5,2.29,2.2,2.16,2.2,2.25,2.25,2.18,3.5,2.12,3.2,3.3,3.93,3.2,2.1,3.75,3.34,-0.25,3.25,25.0,1.75,3.54,3.5,3.93,3.28,1.66,2.32,2.25,1.88,Norwich_Sunderland_2013,31,28,2014-03-22,2013,25,32
292,50,2.03,1.91,1.86,3.6,3.43,3.4,1.83,4.33,3.5,3.62,1.8,47,3.1,4.8,4.12,4.5,2.34,1.9,1.85,1.85,1.91,1.9,2.17,4.5,2.11,3.8,3.5,5.1,3.45,1.83,4.75,3.49,-0.5,3.5,26.0,1.75,4.54,4.5,5.1,3.45,1.67,2.05,1.91,1.87,Newcastle_Crystal Palace_2013,30,30,2014-03-22,2013,24,12
293,50,2.2,1.17,1.15,9.0,8.28,8.5,1.7,15.0,8.0,11.0,1.16,35,6.5,19.0,21.51,17.0,1.36,1.15,1.15,1.17,1.17,1.16,1.31,15.0,2.28,15.0,8.0,20.63,7.0,1.14,17.0,9.47,-2.0,8.0,25.0,3.6,15.77,13.0,20.63,11.28,3.31,1.13,1.17,1.75,Man City_Fulham_2013,28,31,2014-03-22,2013,21,15
294,50,1.88,4.54,4.41,3.6,3.45,3.6,1.98,1.85,3.7,3.65,4.2,46,3.1,1.95,1.81,1.91,1.99,4.5,4.33,4.5,4.5,4.5,1.89,1.8,1.93,1.75,3.6,1.93,3.5,4.5,1.91,3.63,0.5,3.6,25.0,1.97,1.88,1.8,1.95,3.91,1.89,4.75,4.33,2.02,West Ham_Man United_2013,30,30,2014-03-22,2013,37,22
295,49,1.73,1.7,1.65,3.9,3.73,3.9,2.13,6.0,3.5,3.95,1.62,35,3.4,6.0,5.38,6.0,1.55,1.6,1.64,1.67,1.67,1.6,1.49,5.5,1.82,5.4,3.8,6.31,3.7,1.62,6.0,3.92,-1.0,3.8,26.0,2.02,5.76,6.25,6.5,3.73,1.92,1.76,1.67,2.22,Everton_Swansea_2013,29,30,2014-03-22,2013,14,33
296,50,2.0,1.92,1.88,3.6,3.43,3.5,1.85,4.33,3.4,3.62,1.87,46,3.1,4.6,4.95,4.5,2.12,1.9,1.87,1.85,1.91,1.9,2.03,4.5,2.07,3.8,3.5,4.75,3.45,1.83,4.75,3.61,-0.5,3.5,25.0,1.86,4.46,4.25,4.95,3.64,1.77,1.84,1.91,1.89,Chelsea_Arsenal_2013,31,30,2014-03-22,2013,11,0
297,48,1.99,10.0,9.27,5.25,4.93,5.2,1.86,1.4,5.0,5.4,7.5,36,4.5,1.4,1.35,1.4,1.6,7.0,8.5,9.5,8.0,7.5,1.49,1.36,2.05,1.45,4.8,1.38,4.0,8.5,1.36,5.26,1.5,5.0,27.0,2.74,1.37,1.37,1.45,5.6,2.5,10.1,8.5,1.94,Cardiff_Liverpool_2013,31,30,2014-03-22,2013,9,20
298,50,2.0,2.28,2.21,3.3,3.23,3.12,1.86,3.5,3.25,3.4,2.1,43,3.0,3.7,3.67,3.5,2.43,2.1,2.2,2.25,2.25,2.25,2.3,3.5,2.06,3.4,3.3,3.89,3.2,2.1,3.6,3.23,-0.25,3.25,25.0,1.68,3.47,3.5,3.88,3.22,1.6,2.29,2.3,1.9,Hull_West Brom_2013,30,30,2014-03-22,2013,17,36
299,50,1.75,2.22,2.18,3.3,3.25,3.3,2.1,3.5,3.2,3.4,2.1,43,3.2,3.9,3.84,3.4,2.45,2.2,2.14,2.2,2.2,2.2,2.28,3.6,1.81,3.3,3.3,3.88,3.1,2.1,3.75,3.3,-0.5,3.3,24.0,1.67,3.57,3.6,3.9,3.23,1.6,2.23,2.15,2.17,Aston Villa_Stoke_2013,30,31,2014-03-23,2013,1,31
300,50,1.74,2.26,2.21,3.4,3.3,3.4,2.13,3.6,3.25,3.5,2.1,47,3.0,3.7,3.47,3.5,2.09,1.9,2.17,2.25,2.25,2.05,2.0,3.6,1.79,3.75,3.4,3.64,3.5,2.1,3.5,3.41,-0.5,3.3,25.0,1.89,3.47,3.5,3.75,3.45,1.79,2.25,2.15,2.2,Tottenham_Southampton_2013,31,31,2014-03-23,2013,34,30
301,49,1.85,1.6,1.58,4.2,4.08,4.2,2.02,6.0,4.2,4.5,1.5,47,3.75,6.25,6.49,6.0,1.85,1.4,1.56,1.57,1.6,1.53,1.78,6.5,1.94,7.3,4.2,6.42,4.4,1.57,6.5,4.28,-1.0,4.33,28.0,2.14,6.23,6.25,7.3,4.34,2.01,1.57,1.6,2.09,Arsenal_Swansea_2013,31,31,2014-03-25,2013,0,33
302,49,1.85,3.6,3.62,3.6,3.5,3.6,2.03,2.1,3.4,3.66,3.3,45,3.3,2.2,2.34,2.15,1.77,3.3,3.43,3.5,3.4,3.4,1.69,2.15,1.88,2.1,3.6,2.13,3.3,3.5,2.15,3.65,0.25,3.6,24.0,2.27,2.14,2.15,2.22,3.49,2.15,3.26,3.4,2.1,Man United_Man City_2013,31,29,2014-03-25,2013,22,21
303,48,2.22,3.65,3.51,3.4,3.32,3.4,1.69,2.2,3.2,3.5,3.4,46,3.2,2.3,2.37,2.25,2.04,2.9,3.36,3.5,3.3,3.3,1.95,2.25,2.28,2.3,3.4,2.27,3.3,3.5,2.25,3.39,0.5,3.4,23.0,1.92,2.23,2.2,2.3,3.38,1.84,3.3,3.4,1.74,Newcastle_Everton_2013,31,30,2014-03-25,2013,24,14
304,48,2.14,1.2,1.17,9.0,7.9,8.0,1.73,15.0,7.5,9.0,1.16,38,7.0,18.0,17.94,15.0,1.4,1.2,1.16,1.17,1.17,1.16,1.36,17.0,2.32,13.0,7.5,21.02,5.8,1.17,19.0,8.65,-2.0,7.0,25.0,3.4,15.81,14.5,21.02,9.21,3.06,1.17,1.18,1.77,Liverpool_Sunderland_2013,31,29,2014-03-26,2013,20,32
305,49,1.86,2.45,2.44,3.3,3.21,3.2,2.0,3.4,3.25,3.4,2.2,42,3.1,3.4,3.26,3.3,2.35,2.1,2.33,2.4,2.3,2.2,2.23,3.3,1.9,3.4,3.25,3.32,3.2,2.25,3.3,3.24,-0.25,3.25,25.0,1.71,3.22,3.3,3.4,3.32,1.63,2.43,2.4,2.08,West Ham_Hull_2013,31,31,2014-03-26,2013,37,17
306,49,2.18,1.8,1.72,3.9,3.65,3.9,1.7,4.5,3.5,3.92,1.72,46,3.25,5.5,5.73,5.5,2.02,1.8,1.72,1.73,1.75,1.8,1.93,5.0,2.28,4.2,3.6,5.48,3.5,1.73,5.25,3.89,-0.5,3.6,25.0,1.94,5.06,5.0,5.6,4.01,1.86,1.68,1.7,1.75,Swansea_Norwich_2013,32,32,2014-03-29,2013,33,25
307,49,1.59,1.86,1.79,3.75,3.59,3.75,2.41,4.33,3.6,3.82,1.8,46,3.3,5.0,4.34,4.5,2.0,1.8,1.8,1.83,1.85,1.85,1.91,4.5,1.63,4.2,3.6,4.96,3.5,1.8,4.75,3.82,-1.0,3.6,24.0,1.96,4.57,4.33,4.96,3.52,1.88,1.98,1.8,2.52,West Brom_Cardiff_2013,31,32,2014-03-29,2013,36,9
308,49,1.73,2.21,2.23,3.3,3.23,3.25,2.12,3.75,3.2,3.4,2.1,41,3.1,3.8,3.46,3.5,2.5,2.0,2.14,2.15,2.2,2.15,2.35,3.8,1.78,3.6,3.2,3.74,3.3,2.1,3.9,3.28,-0.5,3.2,25.0,1.65,3.62,3.6,3.91,3.19,1.57,2.37,2.2,2.21,Stoke_Hull_2013,32,32,2014-03-29,2013,31,17
309,49,2.2,1.8,1.7,3.8,3.66,3.8,1.69,4.75,3.4,3.98,1.72,46,3.25,5.5,6.13,5.5,1.89,1.8,1.71,1.75,1.75,1.75,1.79,4.8,2.3,4.2,3.6,5.59,3.5,1.73,5.25,3.93,-0.5,3.8,25.0,2.1,5.15,5.25,5.5,4.13,1.99,1.63,1.73,1.75,Southampton_Newcastle_2013,32,32,2014-03-29,2013,30,24
310,49,1.68,1.48,1.44,4.75,4.43,4.6,2.2,7.5,4.4,4.85,1.44,46,4.2,8.5,8.55,8.0,1.82,1.45,1.44,1.45,1.44,1.44,1.75,7.5,1.74,7.0,4.5,8.56,4.0,1.44,8.0,4.78,-1.5,4.33,25.0,2.18,7.73,7.0,9.0,5.0,2.05,1.42,1.45,2.28,Man United_Aston Villa_2013,32,31,2014-03-29,2013,22,1
311,49,1.71,10.5,9.63,4.75,4.32,4.5,2.18,1.44,4.6,4.77,7.5,46,3.75,1.44,1.42,1.44,2.14,7.3,8.8,10.0,10.0,7.5,2.03,1.4,1.76,1.4,4.33,1.44,4.4,9.0,1.4,4.47,1.0,4.33,27.0,1.85,1.41,1.4,1.45,4.79,1.77,9.52,9.5,2.3,Crystal Palace_Chelsea_2013,31,32,2014-03-29,2013,12,11
312,49,1.82,3.75,3.58,3.5,3.47,3.4,2.03,2.05,3.6,3.65,3.5,45,3.2,2.15,2.06,2.1,1.77,3.6,3.49,3.6,3.6,3.6,1.71,2.05,1.87,2.0,3.6,2.15,3.3,3.5,2.15,3.64,0.25,3.6,24.0,2.25,2.09,2.0,2.16,3.74,2.12,3.68,3.75,2.11,Arsenal_Man City_2013,32,30,2014-03-29,2013,0,21
313,48,1.74,5.1,5.1,3.75,3.6,3.75,2.13,1.75,3.7,3.8,4.5,45,3.1,1.8,1.78,1.83,1.89,3.8,4.76,5.0,5.0,4.8,1.79,1.73,1.8,1.9,3.75,1.8,3.45,4.5,1.8,3.73,0.5,3.8,24.0,2.08,1.77,1.75,1.9,3.97,2.0,4.87,5.0,2.22,Fulham_Everton_2013,32,31,2014-03-30,2013,15,14
314,46,2.23,1.5,1.46,4.75,4.65,5.0,1.68,6.5,4.6,5.1,1.42,38,4.33,7.5,8.16,7.0,1.5,1.5,1.45,1.48,1.44,1.44,1.45,6.5,2.34,6.1,4.5,7.35,4.0,1.44,7.5,5.05,-1.0,4.5,23.0,2.92,6.76,7.0,7.51,5.55,2.67,1.4,1.44,1.72,Liverpool_Tottenham_2013,32,32,2014-03-30,2013,20,34
315,47,1.96,2.34,2.25,3.3,3.26,3.4,1.91,3.2,3.25,3.4,2.2,43,3.1,3.5,4.3,3.3,2.2,2.1,2.24,2.3,2.3,2.3,2.08,3.25,2.02,3.3,3.3,3.59,3.3,2.25,3.5,3.37,-0.25,3.3,21.0,1.83,3.31,3.3,3.6,3.58,1.72,1.97,2.25,1.95,Sunderland_West Ham_2013,30,32,2014-03-31,2013,32,37
316,50,1.59,2.47,2.47,3.3,3.25,3.3,2.39,3.2,3.25,3.4,2.35,47,3.0,3.2,3.27,3.1,2.22,2.2,2.39,2.4,2.45,2.3,2.12,3.3,1.64,3.2,3.2,3.19,3.2,2.38,3.25,3.31,-0.5,3.3,22.0,1.79,3.08,3.0,3.3,3.37,1.71,2.38,2.45,2.47,Norwich_West Brom_2013,33,32,2014-04-05,2013,25,36
317,50,1.91,1.35,1.35,5.75,5.33,5.75,1.94,8.5,5.5,6.0,1.3,38,5.0,10.0,8.81,9.0,1.5,1.27,1.33,1.33,1.33,1.33,1.46,9.5,1.97,10.0,5.0,9.33,5.2,1.33,10.0,5.8,-1.5,5.5,28.0,2.85,9.11,8.75,11.0,5.77,2.63,1.36,1.33,2.01,Man City_Southampton_2013,31,33,2014-04-05,2013,21,30
318,50,1.98,2.78,2.75,3.3,3.16,3.12,1.86,2.9,3.1,3.31,2.5,43,3.1,2.9,2.67,2.7,2.48,2.4,2.65,2.75,2.7,2.37,2.3,2.8,2.12,2.9,3.3,2.89,3.15,2.75,2.8,3.22,0.0,3.25,27.0,1.67,2.8,2.9,3.1,3.17,1.6,3.03,2.75,1.93,Hull_Swansea_2013,33,33,2014-04-05,2013,17,33
319,50,1.95,4.33,4.12,3.7,3.47,3.6,1.91,2.0,3.5,3.7,4.0,46,3.25,2.0,2.02,2.0,1.9,3.6,3.98,4.2,4.0,3.75,1.83,1.95,2.0,2.0,3.4,1.97,3.3,4.33,1.95,3.7,0.5,3.6,25.0,2.18,1.95,1.88,2.0,3.67,1.96,3.92,4.0,1.97,Newcastle_Man United_2013,33,33,2014-04-05,2013,24,22
320,50,2.23,2.46,2.44,3.25,3.18,3.2,1.67,3.2,3.2,3.4,2.25,42,3.0,3.3,3.33,3.1,2.4,2.2,2.37,2.45,2.45,2.3,2.28,3.25,2.32,3.2,3.2,3.35,3.2,2.4,3.25,3.21,0.0,3.3,24.0,1.7,3.16,3.25,3.4,3.42,1.6,2.34,2.45,1.71,Cardiff_Crystal Palace_2013,33,32,2014-04-05,2013,9,12
321,50,1.87,2.06,2.0,3.5,3.44,3.5,1.99,3.75,3.4,3.6,1.95,47,3.25,4.1,3.62,4.0,1.86,1.9,1.99,2.05,2.0,2.0,1.79,4.0,1.92,3.8,3.4,4.16,3.45,2.05,4.0,3.59,-0.5,3.5,26.0,2.12,3.86,3.9,4.1,3.34,2.0,2.25,2.0,2.04,Aston Villa_Fulham_2013,32,33,2014-04-05,2013,1,15
322,50,2.01,1.3,1.27,6.0,5.64,6.0,1.85,12.0,5.75,6.3,1.23,46,5.0,15.0,12.85,12.0,1.87,1.25,1.26,1.29,1.29,1.28,1.79,15.0,2.11,10.3,5.0,15.1,5.5,1.25,13.0,5.92,-1.5,6.0,28.0,2.12,12.49,13.0,16.0,5.89,2.0,1.29,1.25,1.92,Chelsea_Stoke_2013,33,33,2014-04-05,2013,11,31
323,49,2.13,2.6,2.45,3.4,3.36,3.4,1.74,2.8,3.25,3.53,2.4,46,3.1,3.0,3.01,3.0,1.96,2.4,2.45,2.5,2.5,2.5,1.87,3.0,2.21,2.75,3.4,3.05,3.3,2.5,3.0,3.53,0.0,3.4,27.0,2.01,2.89,2.95,3.1,3.45,1.91,2.51,2.5,1.82,Everton_Arsenal_2013,32,33,2014-04-06,2013,14,0
324,49,1.97,9.37,9.37,5.0,4.86,5.0,1.88,1.44,5.0,5.3,7.75,38,4.5,1.4,1.38,1.4,1.5,7.3,8.27,9.0,8.0,6.5,1.44,1.4,2.09,1.4,4.5,1.38,4.4,9.0,1.4,5.3,1.5,5.0,27.0,2.88,1.38,1.36,1.44,5.84,2.67,8.13,9.0,1.96,West Ham_Liverpool_2013,33,33,2014-04-06,2013,37,20
325,48,1.89,1.6,1.6,4.2,3.98,4.2,1.97,6.5,3.9,4.5,1.55,45,3.75,6.5,6.29,6.0,1.83,1.5,1.56,1.57,1.6,1.57,1.75,6.5,1.95,6.1,3.75,6.25,4.0,1.57,6.5,4.24,-1.0,4.2,26.0,2.22,6.29,6.0,7.0,4.34,2.04,1.58,1.57,2.04,Tottenham_Sunderland_2013,33,31,2014-04-07,2013,34,32
326,49,1.67,3.25,3.15,3.6,3.37,3.5,2.21,2.37,3.3,3.6,3.0,47,3.1,2.38,2.46,2.4,1.96,2.9,3.07,3.1,3.1,3.0,1.89,2.3,1.73,2.3,3.4,2.36,3.3,3.0,2.38,3.57,0.0,3.4,25.0,2.05,2.33,2.3,2.4,3.61,1.89,2.98,3.2,2.31,West Brom_Tottenham_2013,33,34,2014-04-12,2013,36,34
327,49,1.78,2.2,2.14,3.3,3.22,3.2,2.08,3.75,3.25,3.4,2.1,39,3.2,4.1,3.84,3.5,2.58,2.2,2.1,2.15,2.15,2.15,2.4,3.6,1.84,3.3,3.2,4.02,3.1,2.1,3.9,3.28,-0.5,3.2,26.0,1.61,3.77,3.5,4.15,3.15,1.55,2.26,2.15,2.14,Crystal Palace_Aston Villa_2013,33,33,2014-04-12,2013,12,1
328,49,2.04,2.2,2.21,3.5,3.39,3.5,1.83,3.5,3.2,3.6,2.15,47,3.2,3.6,3.58,3.4,1.99,2.05,2.12,2.15,2.2,2.15,1.89,3.4,2.11,3.5,3.4,3.62,3.3,2.1,3.6,3.43,-0.25,3.4,24.0,2.0,3.51,3.4,3.85,3.57,1.89,2.17,2.15,1.87,Fulham_Norwich_2013,34,34,2014-04-12,2013,15,25
329,49,2.11,1.55,1.49,4.75,4.4,4.75,1.76,6.5,4.33,4.77,1.45,44,4.0,7.5,8.5,7.0,1.7,1.55,1.47,1.45,1.5,1.5,1.62,7.0,2.2,5.6,4.33,7.38,3.9,1.44,8.0,4.71,-1.0,4.5,28.0,2.4,6.99,6.5,8.2,4.91,2.26,1.43,1.45,1.8,Southampton_Cardiff_2013,34,34,2014-04-12,2013,30,9
330,49,1.76,2.2,2.12,3.4,3.31,3.3,2.09,3.6,3.3,3.43,2.1,45,3.2,3.9,3.94,3.5,2.28,2.1,2.11,2.1,2.15,2.15,2.17,3.6,1.83,3.3,3.3,3.9,3.3,2.1,3.9,3.43,-0.5,3.3,25.0,1.75,3.62,3.4,3.95,3.51,1.67,2.09,2.15,2.16,Stoke_Newcastle_2013,34,34,2014-04-12,2013,31,24
331,48,1.79,5.27,4.72,3.7,3.55,3.8,2.06,1.8,3.5,3.82,4.6,46,3.25,1.8,1.94,1.8,1.94,4.2,4.73,4.75,5.0,4.5,1.87,1.73,1.86,1.8,3.6,1.84,3.5,4.8,1.83,3.79,0.5,3.6,24.0,2.05,1.79,1.75,1.85,3.62,1.91,4.34,4.6,2.12,Sunderland_Everton_2013,32,33,2014-04-12,2013,32,14
332,49,1.79,5.2,4.72,3.6,3.53,3.7,2.05,1.72,3.5,3.8,4.6,47,3.2,1.8,1.85,1.83,2.16,5.2,4.82,5.0,5.0,5.0,2.04,1.73,1.86,1.6,3.75,1.85,3.8,4.8,1.83,3.69,0.5,3.75,25.0,1.91,1.79,1.75,1.85,3.64,1.77,4.93,5.0,2.12,Swansea_Chelsea_2013,34,34,2014-04-13,2013,33,11
333,48,2.09,2.5,2.45,3.7,3.51,3.7,1.76,2.8,3.3,3.75,2.35,38,3.1,2.88,3.15,2.9,1.55,2.3,2.39,2.45,2.5,2.4,1.51,2.8,2.2,3.0,3.6,2.92,3.2,2.4,2.9,3.72,0.0,3.6,25.0,2.88,2.88,2.9,3.1,3.68,2.5,2.32,2.45,1.82,Liverpool_Man City_2013,34,32,2014-04-13,2013,20,21
334,51,1.72,1.5,1.42,5.0,4.65,4.5,2.14,8.0,4.5,5.02,1.4,47,4.0,9.0,9.91,8.0,1.72,1.4,1.41,1.4,1.44,1.4,1.63,8.5,1.78,7.3,4.8,8.76,4.4,1.4,9.0,4.98,-1.5,5.0,28.0,2.38,8.08,7.25,9.04,5.78,2.25,1.34,1.44,2.24,Arsenal_West Ham_2013,34,34,2014-04-15,2013,0,37
335,50,1.69,1.44,1.44,4.75,4.51,4.75,2.21,9.5,4.5,4.9,1.4,48,4.2,9.5,9.87,9.0,1.91,1.35,1.4,1.4,1.4,1.4,1.84,8.5,1.75,7.6,4.5,8.97,4.8,1.4,10.0,4.69,-1.5,4.5,28.0,2.1,8.59,7.5,10.04,5.3,1.95,1.38,1.4,2.3,Everton_Crystal Palace_2013,34,34,2014-04-16,2013,14,12
336,51,2.17,1.17,1.17,9.0,8.27,8.5,1.73,17.0,7.5,10.5,1.14,38,7.5,19.0,20.0,17.0,1.38,1.15,1.15,1.17,1.14,1.15,1.34,15.0,2.3,15.0,8.0,18.79,7.0,1.14,17.0,9.12,-2.0,8.0,26.0,3.45,15.76,17.0,19.0,10.0,3.18,1.13,1.17,1.77,Man City_Sunderland_2013,33,33,2014-04-16,2013,21,32
337,49,1.87,3.65,3.51,3.4,3.33,3.4,2.0,2.2,3.3,3.46,3.4,44,3.3,2.2,2.24,2.2,2.05,2.9,3.37,3.4,3.3,3.25,1.95,2.2,1.92,2.3,3.4,2.24,3.3,3.4,2.1,3.46,0.25,3.3,22.0,1.92,2.17,2.1,2.3,3.46,1.84,3.52,3.6,2.04,Aston Villa_Southampton_2013,34,35,2014-04-19,2013,1,30
338,49,2.12,2.53,2.51,3.2,3.25,3.3,1.74,3.0,3.25,3.4,2.5,46,3.25,3.1,3.24,2.9,2.2,2.2,2.43,2.38,2.45,2.4,2.11,2.88,2.21,3.1,3.3,3.13,3.3,2.5,3.0,3.31,0.0,3.25,22.0,1.8,2.95,2.75,3.13,3.51,1.71,2.33,2.5,1.8,Cardiff_Stoke_2013,35,35,2014-04-19,2013,9,31
339,46,1.82,1.22,1.19,7.0,6.8,7.0,2.05,13.0,6.5,7.73,1.2,37,6.0,18.0,16.9,15.0,1.58,1.17,1.19,1.18,1.2,1.2,1.52,15.0,1.89,12.0,6.5,18.89,7.0,1.18,13.0,7.73,-2.0,7.0,24.0,2.74,14.04,12.5,18.89,7.27,2.48,1.21,1.2,2.12,Chelsea_Sunderland_2013,35,34,2014-04-19,2013,11,32
340,48,1.9,2.8,2.78,3.3,3.32,3.4,1.95,2.8,3.25,3.45,2.6,45,3.4,2.7,2.48,2.6,2.0,2.5,2.65,2.63,2.62,2.45,1.93,2.63,1.98,2.65,3.3,2.72,3.3,2.63,2.6,3.42,0.0,3.4,24.0,1.96,2.64,2.65,2.8,3.56,1.86,2.98,2.8,2.01,Newcastle_Swansea_2013,35,35,2014-04-19,2013,24,33
341,48,2.04,1.55,1.53,4.2,4.24,4.5,1.83,7.0,4.33,4.56,1.45,39,4.2,6.5,6.75,6.0,1.62,1.55,1.51,1.5,1.53,1.45,1.56,6.25,2.1,5.2,4.5,6.77,4.1,1.5,6.5,4.56,-1.0,4.33,26.0,2.58,6.31,6.75,7.2,4.76,2.37,1.51,1.5330000000000001,1.87,Tottenham_Fulham_2013,35,35,2014-04-19,2013,34,15
342,48,1.7,2.26,2.24,3.2,3.26,3.25,2.19,3.5,3.2,3.43,2.15,42,3.2,3.7,3.44,3.3,2.38,2.2,2.19,2.2,2.25,2.1,2.21,3.4,1.75,3.4,3.3,3.61,3.0,2.2,3.4,3.37,-0.5,3.3,24.0,1.75,3.41,3.4,3.7,3.32,1.65,2.34,2.25,2.27,West Ham_Crystal Palace_2013,35,35,2014-04-19,2013,37,12
343,46,1.96,9.2,9.19,5.0,5.06,5.25,1.89,1.4,5.0,5.5,7.5,38,5.0,1.364,1.48,1.36,1.47,8.0,8.22,8.5,8.0,7.0,1.41,1.36,2.03,1.33,5.0,1.37,5.0,7.5,1.33,5.51,1.5,5.0,24.0,3.25,1.35,1.36,1.4,5.07,2.8,6.87,9.0,1.98,Norwich_Liverpool_2013,35,35,2014-04-20,2013,25,20
344,47,2.05,5.1,4.86,3.6,3.53,3.6,1.83,1.75,3.25,3.75,4.75,44,3.6,1.8330000000000002,1.76,1.8,2.09,4.7,4.6,4.5,4.4,4.75,1.97,1.8,2.11,1.7,3.6,1.83,3.6,4.8,1.8,3.74,0.75,3.5,22.0,1.92,1.79,1.8,1.85,3.89,1.81,5.16,5.0,1.87,Hull_Arsenal_2013,34,35,2014-04-20,2013,17,0
345,45,2.18,2.48,2.4,3.4,3.35,3.4,1.7,2.9,3.2,3.5,2.4,42,3.4,3.125,2.77,2.9,1.98,2.4,2.37,2.4,2.38,2.38,1.89,2.88,2.28,2.75,3.4,3.15,3.3,2.4,2.8,3.48,0.0,3.4,22.0,2.0,2.95,2.9,3.14,3.52,1.9,2.66,2.4,1.76,Everton_Man United_2013,35,34,2014-04-20,2013,14,22
346,45,1.98,1.21,1.2,7.0,7.06,7.5,1.88,13.0,6.5,8.1,1.2,37,7.0,17.0,13.5,12.0,1.36,1.17,1.19,1.2,1.2,1.2,1.32,13.0,2.04,12.0,7.0,16.5,7.0,1.2,11.0,8.1,-2.0,6.5,24.0,3.7,12.79,12.0,18.0,7.45,3.26,1.23,1.2,1.94,Man City_West Brom_2013,34,34,2014-04-21,2013,21,36
347,48,1.88,2.38,2.35,3.4,3.31,3.4,1.99,3.1,3.25,3.48,2.25,45,3.25,3.4,3.14,3.25,2.1,2.2,2.28,2.3,2.25,2.25,2.02,3.25,1.93,3.1,3.4,3.25,3.3,2.25,3.4,3.48,-0.25,3.3,22.0,1.87,3.17,3.1,3.41,3.42,1.78,2.45,2.3,2.03,Fulham_Hull_2013,36,35,2014-04-26,2013,15,17
348,49,1.8,1.4,1.38,5.25,4.94,5.0,2.05,8.0,5.0,5.4,1.34,38,4.8,9.5,9.53,8.5,1.63,1.4,1.36,1.36,1.36,1.36,1.55,9.0,1.88,7.3,5.0,9.08,4.4,1.36,9.5,5.35,-1.5,4.8,27.0,2.56,8.44,8.0,9.55,6.72,2.38,1.3,1.36,2.14,Man United_Norwich_2013,35,36,2014-04-26,2013,22,25
349,47,1.86,2.9,2.74,3.5,3.38,3.4,1.99,2.4,3.4,3.59,2.75,44,3.4,2.5,2.57,2.4,1.85,2.9,2.76,2.8,2.88,2.9,1.74,2.5,1.94,2.3,3.4,2.65,3.3,2.75,2.6,3.59,0.0,3.5,25.0,2.18,2.52,2.4,2.65,3.52,2.07,2.88,2.9,2.05,Southampton_Everton_2013,36,36,2014-04-26,2013,30,14
350,48,1.65,3.33,3.33,3.4,3.33,3.4,2.25,2.3,3.4,3.45,2.9,45,3.2,2.4,2.18,2.3,2.08,3.1,3.1,3.2,3.2,3.0,1.97,2.3,1.7,2.2,3.4,2.35,3.3,3.2,2.38,3.39,0.0,3.3,24.0,1.89,2.32,2.3,2.4,3.53,1.82,3.59,3.2,2.37,Stoke_Tottenham_2013,36,36,2014-04-26,2013,31,34
351,48,1.7,1.7,1.69,3.75,3.68,3.75,2.19,5.0,3.75,3.86,1.6,45,3.6,6.25,5.43,5.5,2.18,1.7,1.66,1.7,1.67,1.7,2.05,5.25,1.75,4.7,3.6,5.93,3.6,1.67,6.0,3.86,-1.0,3.6,24.0,1.81,5.5,5.5,6.25,3.94,1.76,1.72,1.67,2.3,Swansea_Aston Villa_2013,36,35,2014-04-26,2013,33,1
352,48,1.99,1.95,1.88,3.75,3.57,3.6,1.87,3.8,3.4,3.75,1.9,45,3.5,4.2,4.54,4.0,1.81,1.9,1.88,1.91,1.91,1.95,1.72,4.0,2.07,3.8,3.5,4.55,3.45,1.9,4.33,3.74,-0.5,3.75,24.0,2.18,4.11,4.0,4.52,3.78,2.09,1.88,1.92,1.94,West Brom_West Ham_2013,35,36,2014-04-26,2013,36,37
353,48,1.66,9.1,7.81,5.0,4.61,4.6,2.26,1.44,4.25,5.1,7.0,38,4.0,1.45,1.39,1.44,1.7,7.3,7.49,7.5,8.0,7.0,1.64,1.4,1.72,1.4,4.33,1.45,4.4,7.5,1.44,4.99,1.0,4.5,25.0,2.38,1.42,1.44,1.45,5.38,2.21,8.69,8.0,2.32,Crystal Palace_Man City_2013,36,35,2014-04-27,2013,12,21
354,47,1.74,1.73,1.69,4.2,3.93,4.0,2.12,5.0,4.1,4.22,1.62,37,3.6,5.5,5.37,5.0,1.65,1.65,1.67,1.67,1.7,1.66,1.58,5.0,1.81,5.1,3.75,5.28,3.6,1.67,5.25,4.15,-1.0,4.0,22.0,2.5,5.03,4.75,5.5,4.18,2.33,1.68,1.67,2.23,Liverpool_Chelsea_2013,36,36,2014-04-27,2013,20,11
355,48,1.98,1.95,1.9,3.75,3.57,3.6,1.88,4.0,3.4,3.75,1.91,45,3.3,4.5,5.09,4.2,1.91,1.9,1.89,1.91,1.91,1.95,1.84,4.0,2.04,3.8,3.4,4.4,3.45,1.91,4.33,3.74,-0.5,3.6,23.0,2.05,4.07,4.0,4.4,3.88,1.95,1.77,1.91,1.91,Sunderland_Cardiff_2013,35,36,2014-04-27,2013,32,9
356,46,2.09,1.3,1.26,6.0,5.68,5.5,1.75,10.0,5.5,6.5,1.28,36,5.0,11.5,13.6,11.0,1.62,1.3,1.27,1.29,1.3,1.3,1.52,12.0,2.22,9.0,5.0,13.58,5.0,1.29,12.0,6.45,-1.5,5.25,24.0,2.7,11.09,9.25,14.0,7.08,2.45,1.24,1.29,1.84,Arsenal_Newcastle_2013,36,36,2014-04-28,2013,0,24
357,48,2.16,2.52,2.49,3.3,3.18,3.2,1.71,3.2,3.1,3.4,2.45,42,3.0,3.125,3.28,3.0,2.38,2.2,2.43,2.5,2.5,2.4,2.27,3.25,2.27,3.2,3.2,3.2,3.2,2.3,3.1,3.27,0.0,3.25,27.0,1.71,3.04,2.95,3.3,3.02,1.62,2.6,2.55,1.8,Aston Villa_Hull_2013,36,36,2014-05-03,2013,1,17
358,48,1.95,5.0,4.95,4.0,3.8,4.0,1.91,1.75,3.8,4.1,4.5,39,3.4,1.75,1.7,1.75,1.61,4.25,4.7,5.0,5.0,4.5,1.55,1.73,2.0,1.7,3.8,1.75,3.9,4.5,1.75,4.04,0.75,4.0,24.0,2.7,1.73,1.7,1.76,4.33,2.39,4.94,4.8,1.96,Everton_Man City_2013,37,36,2014-05-03,2013,14,21
359,48,1.87,1.4,1.38,5.75,5.16,5.2,1.97,8.0,5.0,5.77,1.34,37,4.5,8.5,7.56,8.0,1.55,1.4,1.35,1.36,1.4,1.36,1.48,9.5,2.0,7.3,5.0,8.6,4.4,1.33,8.5,5.61,-1.5,5.0,28.0,2.8,8.21,8.0,10.5,5.32,2.57,1.43,1.4,2.05,Man United_Sunderland_2013,36,36,2014-05-03,2013,22,32
360,48,1.84,2.1,2.09,3.6,3.47,3.6,2.02,3.8,3.6,3.65,1.91,44,3.3,3.6,4.14,3.6,1.75,2.0,2.02,2.05,2.05,2.0,1.68,3.5,1.9,3.4,3.5,3.75,3.5,2.05,3.8,3.62,-0.5,3.6,25.0,2.28,3.69,3.7,4.0,3.95,2.17,1.9,2.1,2.08,Newcastle_Cardiff_2013,37,37,2014-05-03,2013,24,9
361,48,2.23,2.38,2.37,3.6,3.37,3.4,1.66,3.25,3.3,3.6,2.3,46,3.1,3.2,3.35,3.1,1.99,2.2,2.28,2.3,2.38,2.2,1.91,3.25,2.33,2.95,3.4,3.13,3.5,2.2,3.25,3.59,0.0,3.4,25.0,1.98,3.11,3.0,3.3,3.67,1.88,2.23,2.375,1.71,Stoke_Fulham_2013,37,37,2014-05-03,2013,31,15
362,48,2.12,2.55,2.46,3.4,3.31,3.4,1.72,2.87,3.4,3.45,2.3,46,3.0,3.0,3.25,3.0,1.9,2.3,2.42,2.5,2.5,2.5,1.8,3.0,2.23,3.0,3.4,3.06,3.2,2.3,3.0,3.48,0.0,3.4,27.0,2.09,2.94,2.9,3.13,3.45,1.99,2.37,2.55,1.77,Swansea_Southampton_2013,37,37,2014-05-03,2013,33,30
363,48,1.87,4.55,4.25,3.75,3.59,3.7,1.98,1.95,3.6,3.8,4.0,44,3.3,1.952,2.02,1.91,1.75,3.8,4.1,4.33,4.2,4.0,1.68,1.83,1.92,1.9,3.5,1.93,3.45,4.0,1.91,3.76,0.5,3.8,25.0,2.28,1.88,1.85,1.95,3.81,2.15,3.82,4.1,2.04,West Ham_Tottenham_2013,37,37,2014-05-03,2013,37,34
364,48,2.06,1.3,1.28,6.0,5.73,6.0,1.78,11.0,5.5,6.5,1.28,37,5.0,13.0,8.79,12.0,1.55,1.3,1.27,1.29,1.29,1.28,1.49,12.0,2.22,9.0,5.5,12.54,5.0,1.25,13.0,6.29,-1.5,5.8,28.0,2.78,11.0,9.25,13.0,5.28,2.54,1.39,1.286,1.83,Arsenal_West Brom_2013,37,36,2014-05-04,2013,0,36
365,48,1.84,1.22,1.21,7.5,6.65,7.5,2.02,15.0,6.5,7.53,1.2,37,5.5,18.0,15.14,15.0,1.55,1.2,1.2,1.2,1.22,1.22,1.48,15.0,1.91,13.0,6.0,18.25,5.8,1.2,17.0,7.12,-2.0,6.5,28.0,2.7,14.41,11.5,18.0,7.87,2.55,1.21,1.2,2.08,Chelsea_Norwich_2013,37,37,2014-05-04,2013,11,25
366,45,2.04,9.8,8.91,5.0,4.76,5.0,1.79,1.4,5.0,5.3,7.5,40,4.5,1.4,1.4,1.4,1.66,7.5,8.29,9.0,8.0,8.0,1.58,1.36,2.12,1.37,4.8,1.41,4.6,8.0,1.4,5.06,1.5,4.8,23.0,2.54,1.38,1.36,1.41,5.44,2.32,8.3,9.0,1.89,Crystal Palace_Liverpool_2013,37,37,2014-05-05,2013,12,20
367,50,1.79,1.41,1.38,5.5,5.05,5.2,2.07,8.5,4.75,5.6,1.33,40,4.8,8.5,7.52,9.0,1.6,1.35,1.37,1.36,1.36,1.36,1.55,8.0,1.86,7.6,4.8,8.82,4.8,1.36,9.0,5.42,-1.5,5.5,29.0,2.65,8.25,9.0,9.0,4.76,2.4,1.46,1.4,2.19,Man United_Hull_2013,37,37,2014-05-06,2013,22,17
368,50,1.8,2.14,2.14,3.2,3.05,3.2,2.07,4.2,2.9,3.22,2.1,47,3.0,4.4,4.48,4.5,2.08,1.9,2.05,2.1,1.95,1.95,1.98,4.33,1.83,4.2,3.2,4.22,3.1,1.95,4.2,3.17,-0.5,3.0,26.0,1.91,4.17,4.0,4.5,3.16,1.81,2.08,2.05,2.14,Sunderland_West Brom_2013,37,37,2014-05-07,2013,32,36
369,50,1.89,1.17,1.13,9.5,9.06,8.5,1.95,17.0,9.25,11.0,1.11,38,7.5,20.0,17.25,19.0,1.37,1.12,1.13,1.14,1.14,1.14,1.31,19.0,1.98,16.0,7.5,22.39,8.0,1.14,21.0,11.03,-2.5,8.0,29.0,3.85,18.19,16.5,25.0,9.5,3.3,1.17,1.17,2.03,Man City_Aston Villa_2013,37,37,2014-05-07,2013,21,1
370,51,2.11,9.0,8.38,4.75,4.62,4.8,1.74,1.44,4.75,5.3,7.75,38,4.0,1.44,1.38,1.44,1.6,6.6,7.66,8.0,8.0,7.0,1.54,1.4,2.21,1.47,4.33,1.43,4.0,7.5,1.44,5.02,1.5,4.5,25.0,2.65,1.41,1.36,1.47,5.47,2.42,8.4,8.0,1.82,Cardiff_Chelsea_2013,38,38,2014-05-11,2013,9,11
371,50,2.03,2.75,2.53,3.5,3.36,3.5,1.83,2.75,3.2,3.51,2.6,42,3.1,2.9,2.72,2.8,1.8,2.75,2.53,2.63,2.62,2.5,1.73,2.75,2.12,2.4,3.4,2.95,3.3,2.5,2.8,3.5,0.0,3.3,26.0,2.22,2.77,2.7,2.95,3.78,2.08,2.59,2.5,1.9,Fulham_Crystal Palace_2013,38,38,2014-05-11,2013,15,12
372,51,1.98,4.06,4.06,3.6,3.45,3.6,1.88,2.0,3.4,3.65,3.6,45,3.2,2.05,2.15,2.05,1.84,3.3,3.81,4.0,3.8,3.5,1.75,2.0,2.01,2.1,3.5,2.01,3.3,3.8,2.0,3.62,0.5,3.4,26.0,2.15,1.99,2.0,2.1,3.54,2.06,3.71,3.9,1.92,Hull_Everton_2013,38,38,2014-05-11,2013,17,14
373,50,1.83,1.24,1.21,7.5,7.14,7.5,2.05,13.0,6.5,8.03,1.2,38,6.0,13.0,15.84,12.0,1.33,1.2,1.2,1.22,1.22,1.2,1.29,12.0,1.87,12.5,6.5,13.96,6.0,1.18,13.0,8.03,-2.25,7.0,25.0,3.95,12.43,12.5,15.0,9.34,3.55,1.18,1.2,2.11,Liverpool_Newcastle_2013,38,38,2014-05-11,2013,20,24
374,51,1.96,1.19,1.17,9.0,8.41,9.0,1.91,15.0,8.0,9.4,1.14,38,7.0,18.0,15.02,15.0,1.36,1.12,1.15,1.17,1.17,1.14,1.31,13.0,2.01,16.0,8.0,18.25,8.0,1.14,17.0,8.8,-2.25,8.5,25.0,3.8,15.0,14.5,19.0,9.4,3.33,1.18,1.17,1.94,Man City_West Ham_2013,38,38,2014-05-11,2013,21,37
375,50,2.07,4.8,4.62,3.8,3.6,3.8,1.8,1.9,3.5,3.85,4.0,37,3.4,1.87,1.7,1.85,1.65,4.0,4.31,4.5,4.33,3.8,1.57,1.83,2.12,1.8,3.6,1.85,3.6,4.33,1.85,3.81,0.75,3.5,25.0,2.5,1.84,1.87,1.91,4.29,2.36,4.97,4.4,1.85,Norwich_Arsenal_2013,38,38,2014-05-11,2013,25,0
376,51,1.99,2.63,2.6,3.5,3.37,3.5,1.86,2.62,3.3,3.62,2.6,45,3.1,2.88,2.47,2.8,1.8,2.6,2.56,2.63,2.62,2.62,1.71,2.75,2.06,2.6,3.4,2.76,3.2,2.6,2.8,3.65,0.0,3.3,27.0,2.2,2.74,2.6,2.88,3.92,2.12,2.77,2.55,1.9,Southampton_Man United_2013,38,38,2014-05-11,2013,30,22
377,51,1.63,2.4,2.4,3.4,3.28,3.4,2.3,3.4,3.4,3.41,2.2,45,3.2,3.25,3.5,3.2,1.95,2.0,2.29,2.3,2.3,2.1,1.86,3.13,1.68,3.6,3.4,3.23,3.3,2.3,3.4,3.4,-0.5,3.25,24.0,2.06,3.22,3.1,3.6,3.6,1.94,2.19,2.38,2.4,Sunderland_Swansea_2013,38,38,2014-05-11,2013,32,33
378,51,2.1,1.52,1.47,4.5,4.25,4.5,1.77,6.5,4.5,4.65,1.45,40,3.8,7.5,7.64,7.5,1.65,1.45,1.49,1.5,1.5,1.5,1.57,6.5,2.2,7.0,4.2,7.97,4.0,1.5,7.5,4.64,-1.0,4.0,29.0,2.56,6.94,6.25,8.2,4.75,2.36,1.47,1.5,1.86,Tottenham_Aston Villa_2013,38,38,2014-05-11,2013,34,1
379,51,2.11,2.1,2.06,3.6,3.43,3.6,1.76,3.3,3.4,3.66,2.0,47,3.25,3.9,3.44,3.6,1.93,2.1,2.04,2.1,2.1,2.1,1.84,3.75,2.18,3.3,3.5,3.82,3.3,2.0,3.75,3.66,-0.25,3.4,25.0,2.05,3.67,3.6,3.9,3.69,1.96,2.18,2.05,1.85,West Brom_Stoke_2013,38,38,2014-05-11,2013,36,31
