,idGame,Date,Referee,Id_Team_Home,Id_Team_Away,nWeekHome,nWeekAway,year,Goals_H,Goals_A,Prob_H_last_3,Prob_D_last_3,Prob_A_last_3,Prob_H_last_6,Prob_D_last_6,Prob_A_last_6,Prob_H_last_10,Prob_D_last_10,Prob_A_last_10,Prob_H_last_infinity,Prob_D_last_infinity,Prob_A_last_infinity,Average_H,Std_dev_H,Average_D,Std_dev_D,Average_A,Std_dev_A,Average_>2.5,Std_dev_>2.5,Average_<2.5,Std_dev_<2.5
0,Arsenal_Leicester_2017,2017-08-11,M Dean,31,27,1,1,2017,4,3,,,,,,,,,,,,,66.511,1.645,22.417,0.683,15.374,0.656,,,,
1,Everton_Stoke_2017,2017-08-12,N Swarbrick,8,22,1,1,2017,1,0,,,,,,,,,,,,,58.974,0.399,27.128,0.939,18.201,1.02,,,,
2,West Brom_Bournemouth_2017,2017-08-12,R Madley,7,17,1,1,2017,1,0,,,,,,,,,,,,,41.304,1.221,31.063,0.886,31.943,1.176,,,,
3,Southampton_Swansea_2017,2017-08-12,M Jones,12,0,1,1,2017,0,0,,,,,,,,,,,,,61.691,1.121,25.929,1.13,16.883,1.245,,,,
4,Brighton_Man City_2017,2017-08-12,M Oliver,18,3,1,1,2017,0,2,,,,,,,,,,,,,9.973,1.201,19.019,1.055,75.444,1.089,,,,
5,Crystal Palace_Huddersfield_2017,2017-08-12,J Moss,24,26,1,1,2017,0,3,,,,,,,,,,,,,54.951,0.603,28.621,0.945,20.802,1.317,,,,
6,Watford_Liverpool_2017,2017-08-12,A Taylor,39,10,1,1,2017,3,3,,,,,,,,,,,,,17.29,0.68,24.606,1.028,62.303,1.374,,,,
7,Chelsea_Burnley_2017,2017-08-12,C Pawson,30,11,1,1,2017,2,3,,,,,,,,,,,,,80.471,1.048,16.335,1.057,7.094,0.593,,,,
8,Newcastle_Tottenham_2017,2017-08-13,A Marriner,9,6,1,1,2017,0,2,,,,,,,,,,,,,19.277,1.022,26.011,1.065,58.836,0.929,,,,
9,Man United_West Ham_2017,2017-08-13,M Atkinson,13,5,1,1,2017,4,0,,,,,,,,,,,,,76.351,1.168,18.604,1.064,9.417,1.049,,,,
10,Liverpool_Crystal Palace_2017,2017-08-19,K Friend,10,24,2,2,2017,1,0,,,,,,,,,,,,,73.774,1.029,19.736,1.29,11.378,0.796,,,,
11,Burnley_West Brom_2017,2017-08-19,M Atkinson,11,7,2,2,2017,0,1,,,,,,,,,,,,,39.447,1.603,32.285,1.008,32.795,0.566,,,,
12,Southampton_West Ham_2017,2017-08-19,L Mason,12,5,2,2,2017,3,2,,,,,,,,,,,,,58.299,1.0,26.79,0.997,20.089,1.355,,,,
13,Bournemouth_Watford_2017,2017-08-19,R East,17,39,2,2,2017,0,2,,,,,,,,,,,,,50.998,0.926,28.319,0.654,24.963,0.709,,,,
14,Stoke_Arsenal_2017,2017-08-19,A Marriner,22,31,2,2,2017,1,0,,,,,,,,,,,,,22.261,0.911,27.057,0.979,55.189,1.332,,,,
15,Leicester_Brighton_2017,2017-08-19,L Probert,27,18,2,2,2017,2,0,,,,,,,,,,,,,57.567,0.314,27.463,1.484,19.162,1.087,,,,
16,Swansea_Man United_2017,2017-08-19,J Moss,0,13,2,2,2017,0,4,,,,,,,,,,,,,9.855,1.773,20.56,1.094,73.94,1.384,,,,
17,Huddersfield_Newcastle_2017,2017-08-20,C Pawson,26,9,2,2,2017,1,0,,,,,,,,,,,,,41.238,1.355,31.048,0.858,31.938,0.819,,,,
18,Tottenham_Chelsea_2017,2017-08-20,A Taylor,6,30,2,2,2017,1,2,,,,,,,,,,,,,48.356,0.892,28.974,0.915,27.429,1.011,,,,
19,Man City_Everton_2017,2017-08-21,R Madley,3,8,2,2,2017,1,1,,,,,,,,,,,,,75.86,1.356,18.393,1.125,10.416,1.245,,,,
20,Watford_Brighton_2017,2017-08-26,G Scott,39,18,3,3,2017,0,0,,,,,,,,,,91.535,4.245,0.0,51.694,1.425,29.597,0.906,23.532,0.846,,,,
21,Bournemouth_Man City_2017,2017-08-26,M Dean,17,3,3,3,2017,1,2,,,,,,,,,,0.0,6.078,91.479,10.027,0.985,17.909,1.414,76.261,0.848,,,,
22,Crystal Palace_Swansea_2017,2017-08-26,A Marriner,24,0,3,3,2017,0,2,,,,,,,,,,0.0,100.0,0.0,51.52,0.847,29.283,1.038,23.474,0.648,,,,
23,Man United_Leicester_2017,2017-08-26,M Oliver,13,27,3,3,2017,2,0,,,,,,,,,,26.447,0.022,0.0,75.795,1.866,18.717,1.307,9.777,0.861,,,,
24,Huddersfield_Southampton_2017,2017-08-26,S Attwell,26,12,3,3,2017,0,0,,,,,,,,,,,,,26.564,2.371,30.537,1.137,47.259,1.722,,,,
25,Newcastle_West Ham_2017,2017-08-26,N Swarbrick,9,5,3,3,2017,3,0,,,,,,,,,,0.0,24.674,75.264,43.648,0.608,30.098,0.768,30.503,1.223,,,,
26,Tottenham_Burnley_2017,2017-08-27,L Mason,6,11,3,3,2017,1,1,,,,,,,,,,5.143,7.227,71.962,80.291,1.234,16.433,1.071,7.548,1.206,,,,
27,Liverpool_Arsenal_2017,2017-08-27,C Pawson,10,31,3,3,2017,4,0,,,,,,,,,,46.258,53.742,0.0,46.495,0.888,28.329,1.532,29.489,0.984,,,,
28,West Brom_Stoke_2017,2017-08-27,A Taylor,7,22,3,3,2017,1,1,,,,,,,,,,46.258,53.742,0.0,42.082,0.856,32.256,1.015,29.965,1.324,,,,
29,Chelsea_Everton_2017,2017-08-27,J Moss,30,8,3,3,2017,2,0,,,,,,,,,,20.767,20.078,58.379,69.176,0.725,22.572,0.864,12.674,0.881,,,,
30,Arsenal_Bournemouth_2017,2017-09-09,A Taylor,31,17,4,4,2017,3,0,,,,,,,,,,91.262,3.749,0.0,73.54,0.937,18.783,0.905,11.936,0.627,,,,
31,Southampton_Watford_2017,2017-09-09,L Probert,12,39,4,4,2017,0,2,,,,,,,,,,0.0,21.318,78.572,60.614,0.744,26.098,1.073,17.65,0.911,,,,
32,Brighton_West Brom_2017,2017-09-09,C Kavanagh,18,7,4,4,2017,3,1,,,,,,,,,,0.0,21.315,78.575,37.698,1.011,33.075,1.444,33.641,1.888,,,,
33,Everton_Tottenham_2017,2017-09-09,G Scott,8,6,4,4,2017,0,3,,,,,,,,,,0.0,100.0,0.0,27.137,1.223,29.373,0.889,47.692,0.677,,,,
34,Man City_Liverpool_2017,2017-09-09,J Moss,3,10,4,4,2017,5,0,,,,,,,,,,41.817,18.761,37.149,53.396,1.584,26.299,1.53,24.764,1.261,,,,
35,Leicester_Chelsea_2017,2017-09-09,L Mason,27,30,4,4,2017,1,2,,,,,,,,,,80.482,19.363,0.0,21.96,0.768,26.817,0.927,55.522,0.834,,,,
36,Stoke_Man United_2017,2017-09-09,N Swarbrick,22,13,4,4,2017,2,2,,,,,,,,,,0.0,100.0,0.0,14.318,1.085,23.49,1.144,66.234,0.825,,,,
37,Burnley_Crystal Palace_2017,2017-09-10,M Oliver,11,24,4,4,2017,1,0,,,,,,,,,,0.0,100.0,0.0,42.406,1.261,31.293,0.734,30.523,2.225,,,,
38,Swansea_Newcastle_2017,2017-09-10,M Jones,0,9,4,4,2017,0,1,,,,,,,,,,0.0,100.0,0.0,42.41,1.387,31.236,1.004,30.827,0.788,,,,
39,West Ham_Huddersfield_2017,2017-09-11,K Friend,5,26,4,4,2017,2,0,,,,,,,,,,,,,52.13,1.698,28.859,0.397,23.429,1.599,,,,
40,Bournemouth_Brighton_2017,2017-09-15,C Pawson,17,18,5,5,2017,2,1,,,,,,,,,,37.101,62.899,0.0,46.616,0.783,29.943,0.742,27.54,1.623,,,,
41,Liverpool_Burnley_2017,2017-09-16,R East,10,11,5,5,2017,1,1,,,,,,,,,,88.075,2.064,0.0,78.581,1.27,17.453,1.339,8.335,1.036,,,,
42,Newcastle_Stoke_2017,2017-09-16,S Attwell,9,22,5,5,2017,2,1,,,,,,,,,,66.307,24.45,9.131,42.745,0.709,31.155,0.779,30.325,1.112,,,,
43,Watford_Man City_2017,2017-09-16,A Taylor,39,3,5,5,2017,0,6,,,,,,,,,,10.376,16.626,71.892,11.341,0.933,18.382,1.06,74.633,0.716,,,,
44,West Brom_West Ham_2017,2017-09-16,P Tierney,7,5,5,5,2017,0,0,,,,,,,,,,87.514,5.248,1.12,42.771,0.689,31.17,0.795,30.292,1.009,,,,
45,Tottenham_Swansea_2017,2017-09-16,M Dean,6,0,5,5,2017,0,0,,,,,,,,,,0.0,30.474,69.502,81.225,1.318,15.637,1.219,7.48,1.048,,,,
46,Huddersfield_Leicester_2017,2017-09-16,J Moss,26,27,5,5,2017,1,1,,,,,,,,,,78.71,21.177,0.0,30.494,2.299,30.098,0.768,43.732,1.756,,,,
47,Crystal Palace_Southampton_2017,2017-09-16,R Madley,24,12,5,5,2017,0,1,,,,,,,,,,0.0,100.0,0.0,34.021,0.981,30.969,0.914,39.237,1.005,,,,
48,Man United_Everton_2017,2017-09-17,A Marriner,13,8,5,5,2017,4,0,,,,,,,,,,85.072,1.474,0.0,74.553,0.673,19.841,1.28,9.868,1.32,,,,
49,Chelsea_Arsenal_2017,2017-09-17,M Oliver,30,31,5,5,2017,0,0,,,,,,,,,,79.723,0.922,0.0,55.751,1.089,26.191,1.7,22.58,0.613,,,,
50,Burnley_Huddersfield_2017,2017-09-23,C Kavanagh,11,26,6,6,2017,0,0,,,,,,,,,,19.499,45.368,35.132,46.187,0.849,31.435,0.773,26.834,1.341,,,,
51,Everton_Bournemouth_2017,2017-09-23,M Atkinson,8,17,6,6,2017,2,1,,,,,,,,,,54.627,45.371,0.0,59.943,0.874,26.134,1.022,18.237,0.69,,,,
52,Stoke_Chelsea_2017,2017-09-23,M Dean,22,30,6,6,2017,0,4,,,,,,,,,,26.941,24.115,48.746,17.345,0.535,25.196,1.365,61.952,0.578,,,,
53,Southampton_Man United_2017,2017-09-23,C Pawson,12,13,6,6,2017,0,1,,,,,,,,,,5.241,9.564,79.76,19.444,1.106,27.138,0.927,57.76,0.563,,,,
54,West Ham_Tottenham_2017,2017-09-23,M Oliver,5,6,6,6,2017,2,3,,,,,,,,,,0.0,100.0,0.0,17.871,1.339,24.285,1.255,62.09,1.523,,,,
55,Man City_Crystal Palace_2017,2017-09-23,N Swarbrick,3,24,6,6,2017,5,0,,,,,,,,,,89.565,9.346,0.0,87.614,0.692,11.457,1.505,5.208,0.744,,,,
56,Swansea_Watford_2017,2017-09-23,L Mason,0,39,6,6,2017,1,2,,,,,,,,,,0.0,1.502,85.264,42.829,1.451,30.657,0.581,30.946,0.704,,,,
57,Leicester_Liverpool_2017,2017-09-23,A Taylor,27,10,6,6,2017,2,3,,,,,,,,,,69.596,6.108,4.218,24.626,1.054,26.971,1.496,52.661,1.329,,,,
58,Brighton_Newcastle_2017,2017-09-24,A Marriner,18,9,6,6,2017,1,0,,,,,,,,,,28.28,41.032,30.687,36.799,0.808,32.088,0.901,35.564,1.44,,,,
59,Arsenal_West Brom_2017,2017-09-25,R Madley,31,7,6,6,2017,2,0,,,,,,,,,,71.441,9.629,7.955,74.871,0.627,18.995,0.747,10.454,0.949,,,,
60,West Brom_Watford_2017,2017-09-30,M Oliver,7,39,7,7,2017,2,2,8.086,47.338,44.575,,,,,,,8.777,53.24,37.983,44.817,1.285,31.736,1.093,28.643,1.437,,,,
61,Huddersfield_Tottenham_2017,2017-09-30,N Swarbrick,26,6,7,7,2017,0,4,13.084,37.805,49.106,,,,,,,14.662,43.14,42.196,12.163,1.22,21.303,0.809,71.677,1.553,,,,
62,Man United_Crystal Palace_2017,2017-09-30,M Dean,13,24,7,7,2017,4,0,63.084,0.294,0.0,,,,,,,66.984,0.378,0.0,85.374,0.888,13.781,0.668,5.692,0.86,,,,
63,Stoke_Southampton_2017,2017-09-30,M Jones,22,12,7,7,2017,2,1,,,,,,,,,,0.0,42.96,57.037,34.67,1.442,31.092,0.89,39.545,1.362,,,,
64,Chelsea_Man City_2017,2017-09-30,M Atkinson,30,3,7,7,2017,0,1,1.406,5.502,86.565,,,,,,,2.405,9.197,85.894,36.21,0.805,29.287,1.092,39.82,1.051,,,,
65,West Ham_Swansea_2017,2017-09-30,R East,5,0,7,7,2017,1,0,,,,,,,,,,0.0,42.752,57.244,53.958,1.346,28.823,0.403,22.551,1.23,,,,
66,Bournemouth_Leicester_2017,2017-09-30,G Scott,17,27,7,7,2017,0,0,28.88,19.73,50.161,,,,,,,34.671,21.983,42.849,36.202,1.044,29.644,0.838,39.28,0.949,,,,
67,Arsenal_Brighton_2017,2017-10-01,K Friend,31,18,7,7,2017,2,0,84.266,10.948,3.046,,,,,,,86.856,8.215,1.96,80.858,1.596,15.967,0.865,8.263,0.82,,,,
68,Everton_Burnley_2017,2017-10-01,J Moss,8,11,7,7,2017,0,1,13.314,18.589,67.308,,,,,,,18.492,21.732,59.39,60.206,1.105,27.186,0.613,17.602,1.316,,,,
69,Newcastle_Liverpool_2017,2017-10-01,C Pawson,9,10,7,7,2017,1,1,60.603,13.842,17.549,,,,,,,65.991,10.881,11.1,20.336,0.998,25.61,1.011,58.836,0.929,,,,
70,Man City_Stoke_2017,2017-10-14,C Pawson,3,22,8,8,2017,7,2,87.304,3.717,0.598,,,,,,,86.251,3.143,0.488,87.293,1.055,11.448,0.973,5.716,0.858,,,,
71,Liverpool_Man United_2017,2017-10-14,M Atkinson,10,13,8,8,2017,0,0,42.923,33.29,23.777,,,,,,,45.05,32.599,22.337,36.783,0.899,30.352,0.566,36.942,0.985,,,,
72,Swansea_Huddersfield_2017,2017-10-14,P Tierney,0,26,8,8,2017,2,0,2.35,14.977,82.157,,,,,,,2.604,15.749,81.196,46.346,1.007,31.263,0.983,26.472,1.083,,,,
73,Watford_Arsenal_2017,2017-10-14,N Swarbrick,39,31,8,8,2017,2,1,71.983,27.981,0.0,,,,,,,73.711,26.241,0.0,19.202,1.302,24.133,1.523,60.916,1.771,,,,
74,Burnley_West Ham_2017,2017-10-14,S Attwell,11,5,8,8,2017,1,1,33.981,54.781,11.237,,,,,,,43.799,49.072,7.128,37.262,1.106,31.011,0.618,35.989,0.868,,,,
75,Tottenham_Bournemouth_2017,2017-10-14,R Madley,6,17,8,8,2017,1,0,54.02,35.538,10.433,,,,,,,56.045,34.223,9.72,82.664,1.342,13.948,1.532,7.416,0.853,,,,
76,Crystal Palace_Chelsea_2017,2017-10-14,A Marriner,24,30,8,8,2017,2,1,0.0,0.91,79.556,,,,,,,0.0,1.024,81.02,11.625,0.886,20.85,0.856,71.531,1.578,,,,
77,Brighton_Everton_2017,2017-10-15,M Oliver,18,8,8,8,2017,1,1,82.577,13.12,3.313,,,,,,,83.131,12.567,3.182,31.328,1.181,31.449,1.073,41.299,1.105,,,,
78,Southampton_Newcastle_2017,2017-10-15,K Friend,12,9,8,8,2017,2,2,27.253,47.0,25.747,,,,,,,23.796,54.124,22.08,53.945,1.006,28.26,0.623,21.826,0.688,,,,
79,Leicester_West Brom_2017,2017-10-16,M Dean,27,7,8,8,2017,1,1,62.536,20.412,16.508,,,,,,,63.716,19.8,15.842,49.922,1.317,29.613,0.714,24.514,0.774,,,,
80,West Ham_Brighton_2017,2017-10-20,M Atkinson,5,18,9,9,2017,0,3,71.793,22.143,5.908,,,,,,,78.597,17.508,3.548,54.864,0.542,29.031,0.873,20.338,1.588,,,,
81,Southampton_West Brom_2017,2017-10-21,G Scott,12,7,9,9,2017,1,0,34.889,31.169,33.926,,,,,,,42.177,29.908,27.889,54.576,1.01,29.347,0.552,19.976,2.108,,,,
82,Stoke_Bournemouth_2017,2017-10-21,L Probert,22,17,9,9,2017,1,2,67.685,20.167,11.731,,,,,,,70.409,21.874,7.527,46.717,1.682,29.505,0.801,28.138,1.096,,,,
83,Huddersfield_Man United_2017,2017-10-21,L Mason,26,13,9,9,2017,2,1,3.959,24.877,71.088,,,,,,,3.282,17.949,78.465,9.962,1.313,19.884,0.943,74.396,0.774,,,,
84,Chelsea_Watford_2017,2017-10-21,J Moss,30,39,9,9,2017,4,2,25.038,44.776,30.185,,,,,,,12.345,23.147,64.322,73.385,0.9,19.64,0.705,11.033,0.77,,,,
85,Swansea_Leicester_2017,2017-10-21,M Oliver,0,27,9,9,2017,1,2,43.02,43.805,13.174,,,,,,,25.999,26.088,47.816,36.304,2.452,30.838,0.726,36.988,1.688,,,,
86,Man City_Burnley_2017,2017-10-21,R East,3,11,9,9,2017,3,0,80.743,11.561,5.204,,,,,,,77.468,9.762,6.202,89.881,1.503,9.693,1.874,4.262,0.639,,,,
87,Newcastle_Crystal Palace_2017,2017-10-21,S Attwell,9,24,9,9,2017,1,0,76.528,0.724,0.0,,,,,,,91.434,4.022,0.0,50.823,1.215,29.374,1.483,24.011,0.628,,,,
88,Tottenham_Liverpool_2017,2017-10-22,A Marriner,6,10,9,9,2017,4,1,61.094,28.247,10.61,,,,,,,49.078,24.508,26.243,45.705,0.827,28.746,0.853,29.694,0.849,,,,
89,Everton_Arsenal_2017,2017-10-22,C Pawson,8,31,9,9,2017,2,5,47.537,34.931,17.523,,,,,,,55.496,35.007,9.486,26.023,0.961,28.368,1.149,49.729,0.87,,,,
90,Man United_Tottenham_2017,2017-10-28,J Moss,13,6,10,10,2017,1,0,77.922,21.98,0.0,,,,,,,72.655,27.305,0.0,46.182,1.45,29.902,0.674,27.822,1.36,,,,
91,Arsenal_Swansea_2017,2017-10-28,L Mason,31,0,10,10,2017,2,1,40.665,59.335,0.0,,,,,,,30.853,50.468,18.679,80.654,0.927,14.843,1.031,8.205,0.813,,,,
92,Bournemouth_Chelsea_2017,2017-10-28,C Pawson,17,30,10,10,2017,0,1,9.368,16.794,72.917,,,,,,,6.06,13.543,78.859,18.264,1.073,24.091,0.892,61.628,0.746,,,,
93,Watford_Stoke_2017,2017-10-28,M Oliver,39,22,10,10,2017,0,1,16.256,15.269,64.788,,,,,,,44.304,18.585,34.706,48.857,0.696,28.495,0.958,26.695,0.954,,,,
94,West Brom_Man City_2017,2017-10-28,M Jones,7,3,10,10,2017,2,3,1.42,7.433,88.037,,,,,,,3.102,17.758,78.83,8.379,0.6,15.815,0.888,79.641,0.709,,,,
95,Crystal Palace_West Ham_2017,2017-10-28,R Madley,24,5,10,10,2017,2,2,33.065,45.347,21.588,,,,,,,29.767,33.176,37.05,42.178,0.679,30.4,0.402,31.434,1.468,,,,
96,Liverpool_Huddersfield_2017,2017-10-28,K Friend,10,26,10,10,2017,3,0,77.782,22.123,0.0,,,,,,,61.147,33.228,5.609,80.281,0.744,15.686,0.912,8.041,0.622,,,,
97,Leicester_Everton_2017,2017-10-29,A Marriner,27,8,10,10,2017,2,0,71.595,17.926,9.797,,,,,,,71.375,17.763,10.119,46.368,0.754,29.657,0.536,28.209,1.309,,,,
98,Brighton_Southampton_2017,2017-10-29,N Swarbrick,18,12,10,10,2017,1,1,40.418,40.494,19.086,,,,,,,29.391,41.514,29.095,31.416,1.797,31.615,0.991,41.116,0.763,,,,
99,Burnley_Newcastle_2017,2017-10-30,M Dean,11,9,10,10,2017,1,0,28.66,52.599,18.741,,,,,,,22.913,55.904,21.183,34.679,1.578,31.656,0.965,37.812,0.822,,,,
100,Huddersfield_West Brom_2017,2017-11-04,R East,26,7,11,11,2017,1,0,42.366,34.782,22.845,,,,,,,36.327,37.159,26.511,37.045,1.457,33.328,0.644,33.692,0.938,,,,
101,Newcastle_Bournemouth_2017,2017-11-04,P Tierney,9,17,11,11,2017,0,1,52.248,29.404,18.311,,,,,,,67.037,23.433,9.384,50.778,1.003,28.847,0.396,24.369,0.921,,,,
102,Stoke_Leicester_2017,2017-11-04,R Madley,22,27,11,11,2017,2,2,6.808,16.442,76.028,,,,,,,27.6,22.056,49.899,37.998,1.904,30.548,0.493,35.583,1.161,,,,
103,Southampton_Burnley_2017,2017-11-04,L Probert,12,11,11,11,2017,0,1,42.146,34.711,23.136,,,,,,,29.833,28.261,41.863,60.384,1.632,27.518,0.881,16.216,2.134,,,,
104,West Ham_Liverpool_2017,2017-11-04,N Swarbrick,5,10,11,11,2017,1,4,17.984,15.37,62.414,,,,,,,48.712,18.061,30.443,19.34,1.01,24.377,1.649,60.171,1.505,,,,
105,Swansea_Brighton_2017,2017-11-04,M Dean,0,18,11,11,2017,0,1,29.497,24.1,46.201,,,,,,,20.076,29.051,50.833,42.317,1.548,31.736,1.093,30.094,0.651,,,,
106,Man City_Arsenal_2017,2017-11-05,M Oliver,3,31,11,11,2017,3,1,70.651,5.894,3.877,,,,,,,67.878,2.116,0.768,70.017,2.591,19.926,1.5,14.506,2.091,,,,
107,Chelsea_Man United_2017,2017-11-05,A Taylor,30,13,11,11,2017,1,0,30.425,41.551,28.023,,,,,,,20.497,24.381,54.953,40.143,0.514,31.51,0.516,32.429,0.902,,,,
108,Tottenham_Crystal Palace_2017,2017-11-05,K Friend,6,24,11,11,2017,1,0,87.685,1.964,0.0,,,,,,,89.656,9.224,0.0,77.876,1.04,17.057,0.776,8.95,0.576,,,,
109,Everton_Watford_2017,2017-11-05,G Scott,8,39,11,11,2017,3,2,15.575,12.293,59.192,,,,,,,6.78,10.241,76.759,46.497,0.928,29.77,0.544,27.942,0.812,,,,
110,Man United_Newcastle_2017,2017-11-18,C Pawson,13,9,12,12,2017,4,1,90.995,7.175,0.0,,,,,,,86.603,12.881,0.0,77.96,0.911,18.027,1.111,8.042,0.91,,,,
111,Leicester_Man City_2017,2017-11-18,G Scott,27,3,12,12,2017,0,2,3.128,6.489,80.235,,,,,,,5.668,11.475,79.976,11.34,0.908,18.179,1.169,74.711,0.595,,,,
112,Burnley_Swansea_2017,2017-11-18,M Atkinson,11,0,12,12,2017,2,0,33.127,60.861,6.012,,,,,,,18.177,66.84,14.983,47.954,2.114,31.401,0.623,24.486,1.122,,,,
113,Liverpool_Southampton_2017,2017-11-18,M Jones,10,12,12,12,2017,3,0,48.649,39.525,11.822,,,,,,,55.637,39.23,5.128,71.078,0.977,20.83,1.136,11.921,1.082,,,,
114,Crystal Palace_Everton_2017,2017-11-18,A Taylor,24,8,12,12,2017,2,2,76.325,17.252,5.913,,,,,,,46.679,32.489,20.817,41.618,1.526,30.984,0.625,31.477,2.391,,,,
115,Bournemouth_Huddersfield_2017,2017-11-18,L Probert,17,26,12,12,2017,4,0,52.235,47.764,0.0,,,,,,,27.46,42.046,30.493,53.985,1.816,29.077,0.813,20.941,2.503,,,,
116,West Brom_Chelsea_2017,2017-11-18,J Moss,7,30,12,12,2017,0,4,4.725,10.609,81.562,,,,,,,10.589,18.918,69.945,16.062,0.753,25.31,0.962,62.865,1.461,,,,
117,Arsenal_Tottenham_2017,2017-11-18,M Dean,31,6,12,12,2017,2,0,52.106,28.689,19.161,,,,,,,24.381,24.394,51.049,40.481,0.963,28.329,0.639,35.269,0.972,,,,
118,Watford_West Ham_2017,2017-11-19,A Marriner,39,5,12,12,2017,2,0,5.54,14.678,78.799,,,,,,,35.463,23.897,40.421,47.38,1.007,29.188,0.867,27.68,1.369,,,,
119,Brighton_Stoke_2017,2017-11-20,L Mason,18,22,12,12,2017,2,2,66.033,20.114,13.37,,,,,,,59.791,22.447,17.471,41.868,0.33,31.857,0.943,30.506,1.769,,,,
120,West Ham_Leicester_2017,2017-11-24,M Atkinson,5,27,13,13,2017,1,1,4.205,11.613,82.272,,,,,,,22.743,19.798,56.508,37.191,1.279,30.17,0.612,36.448,1.099,,,,
121,Liverpool_Chelsea_2017,2017-11-25,M Oliver,10,30,13,13,2017,1,1,60.293,39.702,0.0,45.144,37.942,16.91,,,,49.676,37.314,13.004,46.81,1.01,28.526,1.28,28.938,1.102,,,,
122,Swansea_Bournemouth_2017,2017-11-25,S Attwell,0,17,13,13,2017,0,0,18.748,38.435,42.814,18.289,30.7,50.985,,,,23.199,34.75,42.044,36.383,1.623,31.17,0.795,36.458,0.885,,,,
123,Tottenham_West Brom_2017,2017-11-25,M Jones,6,7,13,13,2017,1,1,71.58,25.973,2.39,57.069,31.609,11.3,,,,61.514,29.988,8.467,79.661,1.534,17.049,1.083,7.601,1.397,,,,
124,Crystal Palace_Stoke_2017,2017-11-25,M Dean,24,22,13,13,2017,2,1,56.157,12.756,17.546,23.42,19.705,55.856,,,,32.243,22.504,44.862,48.731,1.017,29.657,1.291,25.813,1.375,,,,
125,Newcastle_Watford_2017,2017-11-25,C Kavanagh,9,39,13,13,2017,0,3,42.313,26.551,31.058,27.959,23.184,48.572,,,,36.282,25.263,38.33,45.83,1.001,29.712,0.957,28.596,0.652,,,,
126,Man United_Brighton_2017,2017-11-25,N Swarbrick,13,18,13,13,2017,1,0,62.64,27.368,9.934,83.392,14.018,1.988,,,,85.579,12.222,1.389,83.944,1.019,14.834,1.698,5.389,0.845,,,,
127,Southampton_Everton_2017,2017-11-26,K Friend,12,8,13,13,2017,4,1,41.748,30.399,27.831,44.215,27.63,28.1,,,,49.191,30.414,20.368,53.159,1.709,29.33,0.768,21.769,2.262,,,,
128,Huddersfield_Man City_2017,2017-11-26,C Pawson,26,3,13,13,2017,1,2,3.527,9.832,83.742,1.738,7.594,87.297,,,,3.373,13.212,82.437,6.141,0.446,13.712,1.376,84.14,0.755,,,,
129,Burnley_Arsenal_2017,2017-11-26,L Mason,11,31,13,13,2017,0,1,70.265,18.592,10.54,52.479,33.048,14.457,,,,57.437,31.897,10.644,16.765,0.81,23.552,1.328,63.708,1.025,,,,
130,Leicester_Tottenham_2017,2017-11-28,A Taylor,27,6,14,14,2017,2,1,21.409,30.876,47.692,9.43,15.68,73.554,,,,10.941,17.523,70.656,20.684,0.515,26.068,0.709,57.005,0.364,,,,
131,West Brom_Newcastle_2017,2017-11-28,L Probert,7,9,14,14,2017,2,2,30.756,18.338,48.441,34.644,30.231,35.105,,,,36.607,30.892,32.484,42.171,0.315,31.956,0.516,29.644,1.091,,,,
132,Brighton_Crystal Palace_2017,2017-11-28,A Marriner,18,24,14,14,2017,0,0,83.393,16.341,0.0,85.784,13.784,0.0,,,,85.882,13.677,0.0,37.965,1.051,32.083,0.304,33.891,0.594,,,,
133,Watford_Man United_2017,2017-11-28,J Moss,39,13,14,14,2017,2,4,52.821,39.379,7.796,9.407,17.043,72.695,,,,10.806,18.934,69.703,19.436,0.548,25.956,0.779,58.531,0.414,,,,
134,Chelsea_Swansea_2017,2017-11-29,N Swarbrick,30,0,14,14,2017,1,0,73.049,20.969,5.78,42.688,38.882,18.427,,,,43.075,39.025,17.897,84.039,0.706,14.063,1.214,5.766,0.604,,,,
135,Everton_West Ham_2017,2017-11-29,M Oliver,8,5,14,14,2017,4,0,27.535,19.443,51.686,41.524,23.588,34.639,,,,53.168,22.14,24.289,43.426,1.219,30.216,0.385,30.489,0.994,,,,
136,Man City_Southampton_2017,2017-11-29,P Tierney,3,12,14,14,2017,2,1,68.139,2.061,0.728,,,,,,,86.503,6.832,1.878,84.246,0.982,13.205,0.855,6.329,0.418,,,,
137,Arsenal_Huddersfield_2017,2017-11-29,G Scott,31,26,14,14,2017,5,0,89.295,2.452,0.0,87.11,7.225,1.765,,,,87.247,7.17,1.706,83.345,1.05,14.399,0.757,6.28,0.608,,,,
138,Bournemouth_Burnley_2017,2017-11-29,R East,17,11,14,14,2017,1,2,49.282,42.172,8.543,31.343,30.972,37.669,,,,31.943,31.332,36.71,50.026,1.221,29.885,0.559,24.22,1.799,,,,
139,Stoke_Liverpool_2017,2017-11-29,M Atkinson,22,10,14,14,2017,0,3,25.346,16.888,53.94,26.782,16.083,51.014,,,,27.988,16.435,50.072,16.057,0.623,22.68,1.242,65.305,0.72,,,,
140,Chelsea_Newcastle_2017,2017-12-02,K Friend,30,9,15,15,2017,3,1,80.622,11.687,5.269,62.164,26.387,11.372,,,,58.074,25.91,15.918,79.909,0.24,16.343,0.953,7.664,0.945,,,,
141,Brighton_Liverpool_2017,2017-12-02,G Scott,18,10,15,15,2017,1,5,14.785,18.303,65.92,46.533,22.262,30.778,,,,36.458,21.767,41.224,14.416,1.172,22.641,0.803,66.667,0.0,,,,
142,West Brom_Crystal Palace_2017,2017-12-02,M Oliver,7,24,15,15,2017,0,0,41.411,58.589,0.0,78.288,21.608,0.0,,,,75.962,23.968,0.0,40.193,0.661,32.022,0.742,31.911,0.872,,,,
143,Leicester_Burnley_2017,2017-12-02,P Tierney,27,11,15,15,2017,1,0,39.372,31.325,29.287,24.056,27.811,48.077,,,,28.397,26.101,45.407,54.844,1.344,28.194,0.684,20.966,1.658,,,,
144,Stoke_Swansea_2017,2017-12-02,C Pawson,22,0,15,15,2017,2,1,42.443,33.698,23.85,26.136,32.174,41.676,,,,28.157,37.987,33.854,51.591,0.629,29.546,0.603,22.987,1.084,,,,
145,Everton_Huddersfield_2017,2017-12-02,C Kavanagh,8,26,15,15,2017,2,0,42.062,0.075,0.0,91.465,4.083,0.0,,,,77.933,13.435,6.793,58.633,0.688,27.154,1.024,18.439,1.093,,,,
146,Watford_Tottenham_2017,2017-12-02,M Atkinson,39,6,15,15,2017,1,1,58.035,28.581,13.337,5.151,9.614,80.051,,,,5.428,9.277,78.796,20.54,0.949,25.527,1.282,58.021,1.31,,,,
147,Arsenal_Man United_2017,2017-12-02,A Marriner,31,13,15,15,2017,1,3,83.795,9.372,3.468,81.123,15.45,2.918,,,,62.137,21.456,16.033,40.687,0.797,30.246,0.872,33.212,0.904,,,,
148,Man City_West Ham_2017,2017-12-03,M Dean,3,5,15,15,2017,2,1,82.732,3.605,0.989,67.807,1.086,0.224,,,,61.544,0.94,0.226,91.052,1.624,9.263,1.112,4.471,0.624,,,,
149,Bournemouth_Southampton_2017,2017-12-03,J Moss,17,12,15,15,2017,1,1,69.695,19.903,10.012,49.317,31.4,19.262,,,,42.763,33.595,23.633,33.73,1.758,31.517,0.713,39.535,1.565,,,,
150,West Ham_Chelsea_2017,2017-12-09,A Taylor,5,30,16,16,2017,1,0,0.206,1.758,81.763,2.421,6.493,83.867,,,,3.113,7.674,83.399,14.083,0.993,23.058,1.525,66.752,1.295,,,,
151,Huddersfield_Brighton_2017,2017-12-09,S Attwell,26,18,16,16,2017,2,0,9.351,33.33,57.303,16.663,35.293,48.036,,,,26.191,40.171,33.637,38.044,0.976,33.179,1.156,33.095,1.346,,,,
152,Crystal Palace_Bournemouth_2017,2017-12-09,K Friend,24,17,16,16,2017,2,2,11.131,27.386,61.423,37.733,31.296,30.956,,,,34.074,33.698,32.221,49.376,1.637,29.408,0.856,25.829,1.297,,,,
153,Swansea_West Brom_2017,2017-12-09,M Dean,0,7,16,16,2017,1,0,14.812,65.167,20.022,35.461,43.216,21.322,,,,22.646,41.438,35.915,37.774,0.876,33.128,0.767,33.635,1.079,,,,
154,Newcastle_Leicester_2017,2017-12-09,N Swarbrick,9,27,16,16,2017,2,3,4.865,18.871,75.965,33.836,32.723,33.433,,,,30.81,27.857,41.284,38.617,1.139,30.559,0.391,35.337,1.534,,,,
155,Tottenham_Stoke_2017,2017-12-09,R East,6,22,16,16,2017,5,1,60.092,23.681,16.04,71.179,18.666,9.619,,,,64.892,21.462,13.327,78.14,1.177,16.73,1.085,9.278,0.584,,,,
156,Burnley_Watford_2017,2017-12-09,L Probert,11,39,16,16,2017,1,0,57.655,26.266,15.99,40.302,35.216,24.476,,,,28.28,36.83,34.887,39.653,1.335,31.243,0.513,33.253,0.758,,,,
157,Liverpool_Everton_2017,2017-12-10,C Pawson,10,8,16,16,2017,1,1,85.55,3.721,0.792,88.667,5.478,0.924,,,,88.622,7.423,1.163,76.48,2.272,17.946,1.629,10.155,1.904,,,,
158,Man United_Man City_2017,2017-12-10,M Oliver,13,3,16,16,2017,1,2,51.048,29.846,19.074,55.411,31.683,12.884,,,,56.216,33.377,10.392,30.353,0.925,28.877,0.878,45.249,1.25,,,,
159,Southampton_Arsenal_2017,2017-12-10,R Madley,12,31,16,16,2017,1,1,47.641,23.479,28.625,37.277,25.247,37.35,,,,44.785,26.206,28.918,25.753,0.732,27.66,1.075,51.187,1.019,,,,
160,Crystal Palace_Watford_2017,2017-12-12,L Mason,24,39,17,17,2017,2,1,25.907,19.567,53.332,30.444,19.057,48.755,,,,12.434,14.841,69.969,43.55,0.93,29.207,1.383,30.792,0.59,,,,
161,Huddersfield_Chelsea_2017,2017-12-12,A Marriner,26,30,17,17,2017,1,3,20.306,35.766,43.921,6.998,16.463,75.802,,,,10.919,23.575,65.352,11.83,0.744,21.96,0.781,69.947,1.169,,,,
162,Burnley_Stoke_2017,2017-12-12,M Jones,11,22,17,17,2017,1,0,72.76,20.151,6.819,67.141,23.868,8.863,,,,58.996,30.008,10.963,43.661,0.99,31.469,0.567,28.809,2.077,,,,
163,Tottenham_Brighton_2017,2017-12-13,R Madley,6,18,17,17,2017,2,0,69.107,26.197,4.635,66.856,24.588,8.45,,,,59.69,28.903,11.364,80.101,0.947,16.102,0.934,7.728,1.126,,,,
164,Southampton_Leicester_2017,2017-12-13,C Kavanagh,12,27,17,17,2017,1,4,38.911,22.963,37.8,28.94,27.73,43.278,,,,34.426,25.414,40.042,48.283,0.621,29.553,0.416,26.294,0.746,,,,
165,Liverpool_West Brom_2017,2017-12-13,P Tierney,10,7,17,17,2017,0,0,56.876,36.459,6.656,63.232,32.129,4.62,,,,71.274,24.697,3.949,82.176,1.265,14.712,0.987,7.281,0.899,,,,
166,Swansea_Man City_2017,2017-12-13,A Taylor,0,3,17,17,2017,0,4,7.475,54.662,37.863,6.021,18.38,75.213,,,,2.068,9.411,86.434,7.558,0.818,15.822,0.838,80.562,0.96,,,,
167,Man United_Bournemouth_2017,2017-12-13,G Scott,13,17,17,17,2017,1,0,31.987,34.994,33.015,67.083,23.293,9.471,,,,81.949,14.177,3.149,78.31,0.993,17.104,0.842,8.439,0.429,,,,
168,West Ham_Arsenal_2017,2017-12-13,J Moss,5,31,17,17,2017,0,0,21.812,27.793,50.338,11.758,16.929,70.134,,,,30.761,25.197,43.912,18.955,0.586,24.057,0.982,60.929,0.699,,,,
169,Newcastle_Everton_2017,2017-12-13,M Atkinson,9,8,17,17,2017,0,1,11.651,16.091,70.696,47.238,25.548,27.097,,,,53.357,25.2,21.312,41.462,1.391,30.608,0.689,31.922,2.348,,,,
170,Man City_Tottenham_2017,2017-12-16,C Pawson,3,6,18,18,2017,4,1,77.955,14.676,6.254,74.528,12.367,8.944,,,,63.825,18.521,16.589,65.254,1.121,22.366,0.91,16.492,0.632,,,,
171,Chelsea_Southampton_2017,2017-12-16,R East,30,12,18,18,2017,1,0,82.058,15.048,2.384,61.762,26.471,11.691,,,,58.628,27.343,13.964,72.33,1.16,20.311,0.73,11.496,1.005,,,,
172,Arsenal_Newcastle_2017,2017-12-16,S Attwell,31,9,18,18,2017,1,0,70.466,4.584,2.599,83.298,8.42,3.446,,,,81.02,10.236,4.944,79.729,0.496,16.124,0.966,7.876,0.832,,,,
173,Leicester_Crystal Palace_2017,2017-12-16,M Atkinson,27,24,18,18,2017,0,3,18.308,81.692,0.0,79.052,20.829,0.0,,,,77.684,22.222,0.0,53.444,0.747,27.903,0.696,22.873,0.725,,,,
174,Brighton_Burnley_2017,2017-12-16,C Kavanagh,18,11,18,18,2017,0,0,7.774,20.808,71.167,22.425,33.288,44.277,,,,22.186,27.01,50.731,38.784,1.06,33.474,1.49,31.998,2.639,,,,
175,Stoke_West Ham_2017,2017-12-16,G Scott,22,5,18,18,2017,0,3,75.313,16.748,7.237,40.751,26.322,32.842,,,,57.625,21.693,20.262,44.325,1.062,30.387,0.42,29.474,0.649,,,,
176,Watford_Huddersfield_2017,2017-12-16,M Oliver,39,26,18,18,2017,1,4,89.009,2.348,0.0,86.2,13.327,0.0,,,,66.81,20.938,11.913,56.649,0.996,27.233,0.952,20.152,0.773,,,,
177,West Brom_Man United_2017,2017-12-17,A Taylor,7,13,18,18,2017,1,2,2.445,6.192,82.937,8.919,16.417,73.687,,,,8.463,15.545,74.78,15.909,0.584,25.399,0.915,62.738,1.023,,,,
178,Bournemouth_Liverpool_2017,2017-12-17,A Marriner,17,10,18,18,2017,0,4,6.529,10.885,78.119,25.338,21.748,52.432,,,,25.149,19.282,54.261,15.896,0.647,22.401,1.34,66.052,1.033,,,,
179,Everton_Swansea_2017,2017-12-18,J Moss,8,0,18,18,2017,3,1,88.86,5.777,0.936,72.648,19.537,7.477,,,,48.628,30.949,20.4,57.968,1.18,27.594,0.903,18.575,0.705,,,,
180,Arsenal_Liverpool_2017,2017-12-22,M Atkinson,31,10,19,19,2017,3,3,2.568,7.064,84.376,37.446,22.562,39.604,,,,60.029,15.75,19.919,40.597,0.896,27.703,1.257,35.494,0.78,,,,
181,Man City_Bournemouth_2017,2017-12-23,M Jones,3,17,19,19,2017,4,0,67.49,21.402,10.834,66.277,20.629,12.701,,,,84.222,9.354,3.261,90.812,1.476,9.223,0.965,4.296,0.389,,,,
182,West Ham_Newcastle_2017,2017-12-23,L Mason,5,9,19,19,2017,2,3,50.362,38.625,11.008,31.051,29.779,39.146,,,,40.682,30.087,29.208,48.081,2.054,29.92,1.043,26.002,0.915,,,,
183,Stoke_West Brom_2017,2017-12-23,N Swarbrick,22,7,19,19,2017,3,1,15.091,46.466,38.442,31.958,41.662,26.379,,,,34.858,35.403,29.735,43.605,0.95,31.187,0.86,29.137,1.042,,,,
184,Brighton_Watford_2017,2017-12-23,P Tierney,18,39,19,19,2017,1,0,3.749,17.946,77.982,18.971,20.293,60.083,,,,17.678,20.968,60.873,38.246,0.819,31.902,0.638,33.877,0.689,,,,
185,Everton_Chelsea_2017,2017-12-23,R Madley,8,30,19,19,2017,0,0,76.791,17.081,5.616,22.698,20.659,55.967,,,,13.634,17.233,67.832,17.503,1.62,26.018,0.671,60.467,1.137,,,,
186,Burnley_Tottenham_2017,2017-12-23,M Oliver,11,6,19,19,2017,0,3,55.854,34.481,9.653,56.192,32.957,10.834,,,,36.641,41.929,21.429,14.926,1.739,24.661,1.285,64.514,2.057,,,,
187,Swansea_Crystal Palace_2017,2017-12-23,C Pawson,0,24,19,19,2017,1,1,0.0,32.521,67.462,24.302,47.958,27.74,,,,30.401,46.762,22.836,30.84,1.284,31.73,0.695,41.409,0.801,,,,
188,Southampton_Huddersfield_2017,2017-12-23,L Probert,12,26,19,19,2017,1,1,56.538,14.428,20.594,75.647,13.293,8.424,,,,55.963,23.7,20.127,62.291,0.967,25.927,0.768,15.656,1.55,,,,
189,Leicester_Man United_2017,2017-12-23,J Moss,27,13,19,19,2017,2,2,6.312,10.209,77.893,17.447,24.179,58.205,,,,13.353,19.182,66.815,22.675,0.864,27.786,0.785,53.499,1.219,,,,
190,West Brom_Everton_2017,2017-12-26,R East,7,8,20,20,2017,0,0,40.49,28.8,30.675,28.326,23.076,48.3,,,,43.365,27.778,28.805,40.124,1.229,31.695,0.888,32.457,1.954,,,,
191,Man United_Burnley_2017,2017-12-26,M Atkinson,13,11,20,20,2017,2,2,29.417,51.347,19.236,58.023,32.873,9.087,,,,73.077,21.261,5.479,80.373,0.743,16.268,1.002,7.402,0.946,,,,
192,Watford_Leicester_2017,2017-12-26,C Kavanagh,39,27,20,20,2017,2,1,1.743,2.893,54.54,9.901,13.23,73.354,,,,11.551,12.996,70.362,39.535,0.637,29.094,0.653,35.431,0.991,,,,
193,Bournemouth_West Ham_2017,2017-12-26,S Attwell,17,5,20,20,2017,3,3,13.874,17.87,67.192,35.456,26.803,37.671,,,,45.729,26.189,27.99,36.5,0.987,30.797,0.734,36.906,1.036,,,,
194,Chelsea_Brighton_2017,2017-12-26,M Dean,30,18,20,20,2017,2,0,86.207,13.32,0.0,61.125,28.529,10.3,,,,61.234,28.589,10.133,83.537,0.667,14.393,0.762,5.959,0.576,,,,
195,Huddersfield_Stoke_2017,2017-12-26,A Taylor,26,22,20,20,2017,1,1,72.764,15.438,10.182,51.236,20.186,27.608,,,,51.268,24.811,23.77,40.332,0.671,31.451,0.828,32.356,0.949,,,,
196,Tottenham_Southampton_2017,2017-12-26,G Scott,6,12,20,20,2017,5,2,83.705,11.406,3.28,85.578,10.168,2.412,,,,67.656,24.29,7.944,73.314,1.153,19.74,0.934,10.921,1.394,,,,
197,Liverpool_Swansea_2017,2017-12-26,K Friend,10,0,20,20,2017,5,0,50.536,36.678,12.78,76.367,20.741,2.733,,,,67.985,27.77,4.2,85.909,1.389,12.389,1.475,5.39,0.688,,,,
198,Newcastle_Man City_2017,2017-12-27,A Marriner,9,3,20,20,2017,0,1,0.472,2.066,77.542,2.154,8.563,86.447,,,,2.752,8.863,85.214,8.162,1.641,15.37,0.984,80.313,1.862,,,,
199,Crystal Palace_Arsenal_2017,2017-12-28,M Oliver,24,31,20,20,2017,2,3,22.858,42.069,35.072,37.697,21.71,40.026,,,,35.777,25.589,38.523,21.984,0.932,25.961,1.037,56.325,0.796,,,,
200,Chelsea_Stoke_2017,2017-12-30,K Friend,30,22,21,21,2017,5,0,88.924,5.244,0.805,80.838,13.333,4.605,71.853,18.082,9.44,76.67,14.996,7.157,84.973,1.454,13.553,1.216,5.856,0.884,,,,
201,Liverpool_Leicester_2017,2017-12-30,N Swarbrick,10,27,21,21,2017,2,1,73.009,16.412,9.517,73.026,17.557,8.744,70.991,20.455,8.268,75.873,17.166,6.404,76.521,1.277,17.312,1.083,10.411,1.191,,,,
202,Newcastle_Brighton_2017,2017-12-30,A Taylor,9,18,21,21,2017,0,0,61.164,38.83,0.0,16.278,39.992,43.727,34.012,40.312,25.674,38.447,38.729,22.822,46.708,0.747,31.098,0.717,26.443,2.045,,,,
203,Bournemouth_Everton_2017,2017-12-30,L Probert,17,8,21,21,2017,2,1,7.676,25.835,66.412,42.77,25.384,31.725,41.793,28.708,29.462,47.502,27.203,25.228,42.235,0.866,30.62,0.647,31.502,1.781,,,,
204,Huddersfield_Burnley_2017,2017-12-30,P Tierney,26,11,21,21,2017,0,0,38.952,34.221,26.821,40.218,32.222,27.548,21.113,31.174,47.692,24.809,31.567,43.607,42.057,1.743,32.96,1.153,29.474,2.372,,,,
205,Watford_Swansea_2017,2017-12-30,M Atkinson,39,0,21,21,2017,1,2,73.493,12.778,9.681,69.81,18.121,11.313,43.953,28.765,27.244,49.694,27.036,23.198,59.088,1.047,27.005,0.787,18.476,1.546,,,,
206,Man United_Southampton_2017,2017-12-30,C Pawson,13,12,21,21,2017,0,0,61.812,19.751,17.699,77.048,14.886,6.899,,,,85.269,9.851,2.674,73.386,0.955,19.696,1.181,11.295,1.247,,,,
207,West Brom_Arsenal_2017,2017-12-31,M Dean,7,31,21,21,2017,1,1,10.792,45.239,43.968,7.303,13.121,77.308,24.553,27.653,47.737,24.666,27.104,48.161,20.493,1.358,25.912,1.155,58.1,0.763,,,,
208,Crystal Palace_Man City_2017,2017-12-31,J Moss,24,3,21,21,2017,0,0,1.734,5.269,84.089,5.547,9.324,78.534,1.938,5.783,84.47,1.855,5.444,83.92,8.935,0.867,16.245,1.182,79.202,1.22,,,,
209,Everton_Man United_2017,2018-01-01,A Marriner,8,13,22,22,2017,0,2,58.672,26.058,15.177,40.62,19.606,38.256,22.66,21.694,55.19,22.835,21.09,55.498,19.267,1.662,28.489,0.843,56.28,0.814,,,,
210,Burnley_Liverpool_2017,2018-01-01,R East,11,10,22,22,2017,1,2,4.005,9.106,82.437,15.928,22.403,61.392,25.696,28.403,45.856,26.022,27.58,46.34,14.277,1.082,23.15,0.961,66.563,1.329,,,,
211,Leicester_Huddersfield_2017,2018-01-01,G Scott,27,26,22,22,2017,3,0,13.757,18.643,66.794,62.543,20.835,16.16,55.252,24.347,20.231,56.314,23.457,20.002,60.467,1.137,25.93,0.839,18.271,1.612,,,,
212,Brighton_Bournemouth_2017,2018-01-01,M Oliver,18,17,22,22,2017,2,2,38.556,31.212,30.217,26.975,34.943,38.076,43.424,35.174,21.396,44.491,34.035,21.465,41.987,1.014,32.136,0.637,29.951,0.621,,,,
213,Stoke_Newcastle_2017,2018-01-01,C Kavanagh,22,9,22,22,2017,0,1,48.249,20.108,30.559,37.821,21.392,40.132,35.202,24.554,40.078,35.728,23.898,40.155,43.703,1.345,30.575,0.521,29.76,0.908,,,,
214,Man City_Watford_2017,2018-01-02,L Mason,3,39,22,22,2017,3,1,88.837,7.102,1.077,81.052,7.992,3.95,77.762,10.427,6.483,77.457,10.25,6.511,86.987,1.756,12.067,0.753,5.359,0.465,,,,
215,West Ham_West Brom_2017,2018-01-02,M Jones,5,7,21,22,2017,2,1,49.715,39.798,10.483,32.787,43.484,23.728,,,,41.871,34.287,23.834,51.187,1.768,29.802,0.722,23.814,2.229,,,,
216,Southampton_Crystal Palace_2017,2018-01-02,S Attwell,12,24,22,22,2017,1,2,3.05,15.26,81.146,19.563,42.153,38.283,54.114,30.935,14.925,52.105,32.792,15.087,50.718,1.967,29.147,0.408,24.946,1.677,,,,
217,Swansea_Tottenham_2017,2018-01-02,R Madley,0,6,22,21,2017,0,2,11.322,18.363,69.614,18.368,33.113,48.505,6.672,16.376,76.231,6.404,15.619,77.114,9.574,0.99,19.188,1.252,75.851,1.022,,,,
218,Arsenal_Chelsea_2017,2018-01-03,A Taylor,31,30,22,22,2017,2,2,18.622,26.197,55.087,20.49,27.511,51.936,30.664,25.717,43.511,30.016,25.584,44.286,37.32,1.078,29.307,0.794,38.032,1.158,,,,
219,Tottenham_West Ham_2017,2018-01-04,M Dean,6,5,22,22,2017,1,1,65.395,8.98,8.486,76.026,6.6,3.899,76.951,12.74,7.564,79.923,10.673,5.584,78.086,2.07,17.206,1.006,9.617,1.504,,,,
220,West Brom_Brighton_2017,2018-01-13,M Atkinson,7,18,23,23,2017,2,0,47.112,52.887,0.0,34.734,53.523,11.742,31.588,39.295,29.115,36.615,40.544,22.841,47.311,0.861,32.758,0.81,24.13,1.205,,,,
221,Huddersfield_West Ham_2017,2018-01-13,J Moss,26,5,23,23,2017,1,4,7.913,15.338,75.557,42.235,27.273,30.431,35.321,28.561,36.081,43.467,28.024,28.461,37.772,0.838,32.447,0.966,33.735,1.409,,,,
222,Chelsea_Leicester_2017,2018-01-13,M Jones,30,27,23,23,2017,0,0,91.489,4.133,0.0,83.724,12.136,2.945,69.395,20.685,9.617,65.658,19.375,14.307,77.281,1.283,17.543,0.656,9.107,1.216,,,,
223,Newcastle_Swansea_2017,2018-01-13,G Scott,9,0,23,23,2017,1,1,0.0,59.328,40.672,21.319,38.656,40.023,44.658,32.639,22.689,38.714,36.259,25.023,51.52,0.847,29.913,0.913,22.581,0.998,,,,
224,Watford_Southampton_2017,2018-01-13,R East,39,12,23,23,2017,2,2,53.056,22.336,24.234,57.847,21.402,20.285,34.458,27.896,37.6,38.34,26.745,34.844,40.481,0.933,29.97,0.77,33.614,0.586,,,,
225,Crystal Palace_Burnley_2017,2018-01-13,M Oliver,24,11,23,23,2017,1,0,28.53,39.457,32.012,26.146,32.849,40.994,29.939,31.489,38.559,23.637,27.514,48.788,49.755,0.468,30.866,0.753,23.432,1.205,,,,
226,Tottenham_Everton_2017,2018-01-13,C Pawson,6,8,23,23,2017,4,0,55.267,29.536,15.161,75.72,14.849,8.011,82.528,11.614,4.031,78.079,14.682,6.146,77.8,1.422,17.53,1.125,8.407,1.411,,,,
227,Bournemouth_Arsenal_2017,2018-01-14,K Friend,17,31,23,23,2017,2,1,14.133,15.813,67.719,32.194,23.228,44.29,33.277,23.46,43.001,31.267,24.979,43.611,21.656,0.796,24.657,0.869,57.573,0.714,,,,
228,Liverpool_Man City_2017,2018-01-14,A Marriner,10,3,23,23,2017,4,3,0.0,65.096,34.904,19.962,41.383,38.653,28.613,36.759,34.626,26.782,40.366,32.852,33.127,1.08,27.687,0.782,43.958,0.89,,,,
229,Man United_Stoke_2017,2018-01-15,A Taylor,13,22,23,23,2017,3,0,75.821,20.53,3.471,79.777,12.736,5.645,85.049,5.935,1.899,85.959,5.033,1.322,81.591,0.744,15.061,1.192,7.288,1.103,,,,
230,Everton_West Brom_2017,2018-01-20,S Attwell,8,7,24,24,2017,1,1,52.054,31.323,16.601,72.389,20.866,6.524,60.705,24.652,14.509,56.502,27.099,16.329,46.526,0.893,31.691,0.775,25.842,1.116,,,,
231,Brighton_Chelsea_2017,2018-01-20,J Moss,18,30,24,24,2017,0,4,27.283,35.261,37.451,8.739,18.491,72.257,12.415,21.759,65.551,10.688,20.132,68.792,16.118,0.852,26.199,0.806,61.954,0.688,,,,
232,Arsenal_Crystal Palace_2017,2018-01-20,C Kavanagh,31,24,24,24,2017,4,1,11.154,15.457,71.551,25.532,31.717,42.736,76.167,16.644,6.534,76.633,15.804,6.707,66.731,0.169,22.38,1.072,14.791,0.787,,,,
233,Stoke_Huddersfield_2017,2018-01-20,M Oliver,22,26,24,24,2017,2,0,19.495,19.923,59.812,55.668,21.166,22.61,60.604,22.341,16.763,50.162,24.248,25.402,49.031,0.816,30.192,0.827,24.878,0.931,,,,
234,Burnley_Man United_2017,2018-01-20,M Dean,11,13,24,24,2017,0,1,4.603,12.037,81.529,12.884,22.393,64.486,20.972,34.258,44.762,15.637,31.548,52.793,14.733,0.942,25.807,0.671,63.47,0.728,,,,
235,Man City_Newcastle_2017,2018-01-20,P Tierney,3,9,24,24,2017,3,1,76.233,14.24,7.834,78.025,7.265,4.134,80.646,5.41,2.306,82.367,6.47,2.719,88.731,1.08,10.645,0.987,4.495,0.796,,,,
236,Leicester_Watford_2017,2018-01-20,L Probert,27,39,24,24,2017,2,0,69.144,17.429,12.364,41.553,25.493,32.838,34.644,22.708,42.286,35.345,23.472,40.921,54.28,1.015,26.617,1.009,23.226,0.674,,,,
237,West Ham_Bournemouth_2017,2018-01-20,M Atkinson,5,17,24,24,2017,1,1,70.7,18.008,10.568,38.841,29.265,31.864,42.513,28.092,29.35,44.135,28.735,27.091,49.975,0.792,28.109,0.791,25.781,0.719,,,,
238,Southampton_Tottenham_2017,2018-01-21,K Friend,12,6,24,24,2017,1,1,5.624,9.054,77.718,28.343,23.116,48.247,12.992,18.121,67.991,13.79,19.111,66.408,18.266,1.008,25.278,1.026,60.727,1.07,,,,
239,Swansea_Liverpool_2017,2018-01-22,N Swarbrick,0,10,24,24,2017,1,0,0.271,1.266,70.039,0.685,3.805,86.852,6.606,12.176,78.453,4.333,8.678,81.05,9.387,1.501,18.182,0.717,76.432,1.063,,,,
240,Swansea_Arsenal_2017,2018-01-30,L Mason,0,31,25,25,2017,3,1,21.138,28.845,49.975,11.109,33.337,55.539,16.321,27.454,56.16,15.853,27.756,56.332,14.57,0.908,22.868,1.107,66.296,0.802,,,,
241,West Ham_Crystal Palace_2017,2018-01-30,N Swarbrick,5,24,25,25,2017,1,1,48.146,20.4,30.503,28.607,33.612,37.774,43.963,28.558,27.439,49.868,29.47,20.627,33.715,1.823,30.612,0.39,39.479,0.959,,,,
242,Huddersfield_Liverpool_2017,2018-01-30,K Friend,26,10,25,25,2017,0,3,11.309,18.362,69.629,2.884,6.459,81.472,6.246,9.852,77.511,13.835,16.106,68.044,9.464,1.778,18.266,1.188,75.89,2.071,,,,
243,Stoke_Watford_2017,2018-01-31,J Moss,22,39,25,25,2017,0,0,83.618,13.343,2.287,39.145,29.067,31.756,30.481,21.609,47.349,25.585,21.62,52.286,45.423,1.226,29.006,0.518,29.656,0.835,,,,
244,Southampton_Brighton_2017,2018-01-31,M Dean,12,18,25,25,2017,1,1,58.412,41.585,0.0,77.593,22.314,0.0,46.738,33.002,20.246,46.554,35.416,18.022,56.824,0.609,29.096,0.951,18.124,2.02,,,,
245,Newcastle_Burnley_2017,2018-01-31,S Hooper,9,11,25,25,2017,1,1,13.936,59.672,26.392,11.784,41.242,46.971,19.819,42.346,37.834,21.815,36.22,41.96,46.254,1.005,31.871,0.94,26.118,1.069,,,,
246,Everton_Leicester_2017,2018-01-31,C Kavanagh,8,27,25,25,2017,2,1,15.439,49.758,34.803,50.182,26.303,23.423,32.459,23.812,43.503,35.063,23.265,41.386,33.785,1.657,31.724,0.51,38.609,0.962,,,,
247,Man City_West Brom_2017,2018-01-31,R Madley,3,7,25,25,2017,3,0,79.134,3.886,1.429,82.105,11.666,4.305,86.626,6.951,1.872,86.154,7.383,2.135,87.176,0.573,11.681,1.243,4.968,0.539,,,,
248,Tottenham_Man United_2017,2018-01-31,A Marriner,6,13,25,25,2017,2,0,38.889,24.852,36.111,47.094,21.527,30.795,52.892,26.353,20.665,41.373,26.69,31.863,43.454,1.232,30.231,0.469,30.48,1.651,,,,
249,Chelsea_Bournemouth_2017,2018-01-31,L Probert,30,17,25,25,2017,0,3,90.054,2.79,0.0,85.633,12.231,1.338,70.912,22.479,6.458,72.361,20.49,6.899,78.045,0.822,16.728,0.855,9.017,0.356,,,,
250,Leicester_Swansea_2017,2018-02-03,A Taylor,27,0,26,26,2017,1,1,82.735,8.99,3.849,74.053,15.919,8.886,65.97,21.836,11.933,57.677,25.94,16.286,56.334,1.123,28.016,0.381,19.575,0.721,,,,
251,Arsenal_Everton_2017,2018-02-03,N Swarbrick,31,8,26,26,2017,5,1,83.214,7.121,2.897,78.53,10.616,6.232,82.598,8.977,3.899,82.552,8.424,3.709,76.102,1.137,18.406,1.107,9.537,1.353,,,,
252,Burnley_Man City_2017,2018-02-03,M Atkinson,11,3,26,26,2017,1,1,2.965,12.966,83.112,5.351,17.959,76.295,8.07,23.09,68.693,8.197,25.414,66.303,8.762,1.726,17.682,1.017,77.287,1.449,,,,
253,Bournemouth_Stoke_2017,2018-02-03,P Tierney,17,22,26,26,2017,2,1,82.09,4.243,1.4,75.674,13.487,8.397,71.032,14.827,11.653,63.243,19.258,16.677,52.0,2.009,27.958,0.916,24.177,2.09,,,,
254,Brighton_West Ham_2017,2018-02-03,R East,18,5,26,26,2017,3,1,2.922,5.174,73.201,6.758,11.573,78.075,18.589,21.967,59.087,30.983,23.923,44.879,42.904,0.761,32.918,0.529,28.341,1.553,,,,
255,Man United_Huddersfield_2017,2018-02-03,S Attwell,13,26,26,26,2017,2,0,80.293,16.366,2.929,74.365,17.892,7.235,88.525,5.792,1.033,88.128,6.443,1.282,85.804,1.39,12.95,1.229,5.047,0.815,,,,
256,West Brom_Southampton_2017,2018-02-03,M Oliver,7,12,26,26,2017,2,3,62.068,27.673,10.203,48.448,30.339,21.186,37.204,29.074,33.692,38.819,31.549,29.618,39.147,0.928,31.824,0.454,32.861,1.058,,,,
257,Liverpool_Tottenham_2017,2018-02-04,J Moss,10,6,26,26,2017,2,2,10.403,17.511,71.254,53.045,22.15,24.402,55.308,23.835,20.654,52.343,26.117,21.443,47.546,1.14,27.406,0.787,29.031,1.258,,,,
258,Crystal Palace_Newcastle_2017,2018-02-04,A Marriner,24,9,26,26,2017,1,1,26.459,26.883,46.585,49.894,22.863,26.924,52.819,22.498,24.33,39.999,25.941,33.963,48.997,0.822,30.133,0.669,24.875,1.144,,,,
259,Watford_Chelsea_2017,2018-02-05,M Dean,39,30,26,26,2017,4,1,5.846,11.591,79.683,6.401,10.896,78.395,2.758,6.613,82.598,3.655,7.857,81.836,16.946,0.881,25.144,0.529,62.177,0.853,,,,
260,Tottenham_Arsenal_2017,2018-02-10,A Taylor,6,31,27,27,2017,1,0,86.264,8.834,2.236,81.106,10.192,4.892,76.589,13.292,7.78,73.547,16.353,9.08,49.403,1.996,26.802,1.032,28.627,1.385,,,,
261,West Ham_Watford_2017,2018-02-10,G Scott,5,39,27,27,2017,2,0,64.177,27.609,8.162,58.565,32.526,8.89,33.549,26.76,39.621,27.388,24.851,47.611,40.437,1.006,30.627,0.468,33.917,1.441,,,,
262,Stoke_Brighton_2017,2018-02-10,R Madley,22,18,27,27,2017,1,1,31.018,62.493,6.489,62.983,32.425,4.574,42.753,34.953,22.287,42.281,35.087,22.625,45.705,0.827,31.542,0.629,27.632,1.147,,,,
263,Man City_Leicester_2017,2018-02-10,M Jones,3,27,27,27,2017,5,1,80.964,13.194,4.575,76.074,12.112,8.0,73.036,13.673,10.188,78.977,8.791,5.056,82.372,1.337,14.986,1.037,7.595,1.331,,,,
264,Swansea_Burnley_2017,2018-02-10,A Marriner,0,11,27,27,2017,1,0,33.417,50.121,16.462,27.343,44.306,28.35,25.192,41.763,33.044,17.421,33.073,49.492,41.023,0.854,33.524,0.77,30.212,1.167,,,,
265,Everton_Crystal Palace_2017,2018-02-10,J Moss,8,24,27,27,2017,3,1,28.627,24.405,46.79,36.664,31.487,31.835,50.581,26.423,22.908,58.836,24.888,16.145,44.423,0.576,31.318,0.682,29.088,1.627,,,,
266,Newcastle_Man United_2017,2018-02-11,C Pawson,9,13,27,27,2017,1,0,15.293,48.404,36.302,9.367,23.235,67.245,10.371,24.899,64.623,12.483,23.627,63.726,17.904,0.761,26.157,0.726,61.144,0.806,,,,
267,Huddersfield_Bournemouth_2017,2018-02-11,M Oliver,26,17,27,27,2017,4,1,0.453,2.647,83.963,15.704,20.459,63.328,15.689,23.702,60.424,25.297,30.729,43.953,31.379,2.889,31.519,0.761,42.051,2.26,,,,
268,Southampton_Liverpool_2017,2018-02-11,M Atkinson,12,10,27,27,2017,0,2,7.178,18.404,73.978,2.465,5.737,81.099,9.268,12.643,74.127,14.793,15.609,66.871,22.859,1.043,26.386,1.131,55.795,1.072,,,,
269,Chelsea_West Brom_2017,2018-02-12,L Mason,30,7,27,27,2017,3,0,74.055,16.985,8.213,77.977,17.27,4.344,70.234,23.164,6.472,68.528,23.542,7.8,73.244,1.373,20.462,0.762,11.628,0.981,,,,
270,Bournemouth_Newcastle_2017,2018-02-24,R East,17,9,28,28,2017,2,2,59.163,23.045,17.551,39.915,21.93,37.641,47.39,22.59,29.651,43.173,25.414,31.293,47.609,1.113,29.318,0.765,27.34,1.129,,,,
271,Burnley_Southampton_2017,2018-02-24,R Madley,11,12,28,28,2017,1,1,10.971,20.831,67.873,23.266,28.849,47.845,37.751,32.48,29.759,33.093,38.597,28.308,35.271,1.801,32.532,0.855,36.525,0.656,,,,
272,West Brom_Huddersfield_2017,2018-02-24,J Moss,7,26,28,28,2017,1,2,90.827,7.478,0.0,48.324,30.474,21.176,65.965,20.668,12.971,55.778,26.156,17.972,51.334,0.931,30.603,0.903,22.482,1.845,,,,
273,Watford_Everton_2017,2018-02-24,A Taylor,39,8,28,28,2017,1,0,61.531,2.574,1.263,66.789,17.735,14.313,62.46,18.918,17.628,60.312,19.797,19.102,44.815,1.231,30.307,0.771,29.348,1.742,,,,
274,Leicester_Stoke_2017,2018-02-24,M Oliver,27,22,28,28,2017,1,1,82.146,1.559,0.126,83.834,10.348,3.45,74.397,15.058,8.997,71.079,16.723,11.037,58.193,0.597,26.553,0.735,19.787,1.068,,,,
275,Liverpool_West Ham_2017,2018-02-24,S Attwell,10,5,28,28,2017,4,1,32.6,15.891,42.817,47.137,18.707,32.013,68.035,16.53,13.735,77.948,12.353,6.924,81.786,0.996,14.947,1.321,7.675,0.838,,,,
276,Brighton_Swansea_2017,2018-02-24,M Dean,18,0,28,28,2017,4,1,13.944,16.443,67.816,38.583,22.947,38.142,46.142,27.577,26.223,41.77,30.693,27.516,47.158,1.05,32.126,0.765,25.12,1.582,,,,
277,Man United_Chelsea_2017,2018-02-25,M Atkinson,13,30,28,28,2017,2,1,87.026,12.407,0.0,44.786,28.416,26.755,51.494,28.349,20.108,57.959,26.42,15.537,44.208,0.918,30.986,0.681,29.129,0.884,,,,
278,Crystal Palace_Tottenham_2017,2018-02-25,K Friend,24,6,28,28,2017,0,1,22.948,48.875,28.177,26.905,24.688,48.246,30.895,24.027,44.871,14.903,19.212,65.153,14.459,0.936,22.911,1.061,66.604,0.167,,,,
279,Arsenal_Man City_2017,2018-03-01,A Marriner,31,3,28,28,2017,0,3,67.279,11.752,11.814,25.858,18.814,53.678,34.05,22.839,42.77,26.38,21.384,51.666,22.623,0.871,25.506,0.662,56.562,1.122,,,,
280,Burnley_Everton_2017,2018-03-03,C Kavanagh,11,8,29,29,2017,2,1,63.509,27.607,8.83,40.927,37.388,21.681,48.47,33.36,18.157,47.677,36.165,16.152,40.018,0.926,32.695,1.301,31.257,2.674,,,,
281,Leicester_Bournemouth_2017,2018-03-03,L Probert,27,17,29,29,2017,1,1,42.18,26.894,30.857,56.028,21.981,21.594,44.087,27.537,28.319,50.329,26.405,23.177,53.812,0.672,27.187,0.866,23.277,1.441,,,,
282,Watford_West Brom_2017,2018-03-03,P Tierney,39,7,29,29,2017,1,0,86.791,6.319,1.643,73.841,16.149,8.941,63.976,23.913,11.962,55.008,25.623,19.257,47.547,1.79,30.391,0.557,26.153,0.867,,,,
283,Southampton_Stoke_2017,2018-03-03,A Taylor,12,22,29,29,2017,0,0,31.059,33.879,35.056,45.594,30.772,23.612,51.108,25.639,23.139,51.902,24.425,23.5,57.132,1.522,27.412,0.907,19.559,1.818,,,,
284,Tottenham_Huddersfield_2017,2018-03-03,K Friend,6,26,29,29,2017,2,0,89.641,9.244,0.0,81.932,11.6,4.436,84.228,3.94,1.027,83.919,10.591,3.362,83.461,1.631,14.163,1.362,6.588,1.398,,,,
285,Swansea_West Ham_2017,2018-03-03,M Atkinson,0,5,29,29,2017,4,1,78.509,12.809,6.52,19.825,19.055,60.03,28.584,25.845,45.467,30.612,26.465,42.842,39.568,2.051,31.502,1.004,33.059,0.592,,,,
286,Liverpool_Newcastle_2017,2018-03-03,G Scott,10,9,29,29,2017,2,0,51.846,13.557,21.002,66.128,16.267,15.367,76.018,12.401,8.102,74.853,15.732,8.301,82.077,1.119,14.643,1.25,7.18,0.891,,,,
287,Brighton_Arsenal_2017,2018-03-04,S Attwell,18,31,29,29,2017,2,1,65.607,15.892,15.787,48.646,24.802,26.399,27.092,22.362,50.156,39.203,25.729,34.963,24.571,1.115,27.104,0.693,52.458,1.962,,,,
288,Man City_Chelsea_2017,2018-03-04,M Oliver,3,30,29,29,2017,1,0,70.015,7.456,5.7,76.355,10.052,6.803,64.54,18.964,15.651,65.909,17.371,15.266,62.234,0.937,24.119,0.798,17.548,1.31,,,,
289,Crystal Palace_Man United_2017,2018-03-05,N Swarbrick,24,13,29,29,2017,2,3,27.902,58.321,13.777,23.147,34.126,42.719,24.546,24.453,50.829,13.774,21.071,64.785,15.134,0.661,24.632,0.737,64.468,0.91,,,,
290,Chelsea_Crystal Palace_2017,2018-03-10,A Taylor,30,24,30,30,2017,2,1,48.267,26.335,25.309,67.163,20.801,11.69,63.082,25.569,11.255,72.207,20.287,7.234,76.932,0.895,17.961,0.859,9.116,1.207,,,,
291,Huddersfield_Swansea_2017,2018-03-10,M Oliver,26,0,30,30,2017,0,0,26.356,18.33,53.225,41.065,22.174,36.302,54.862,23.171,21.706,41.629,30.337,28.011,40.219,0.775,32.313,0.612,31.466,1.089,,,,
292,West Ham_Burnley_2017,2018-03-10,L Mason,5,11,30,30,2017,0,3,44.737,45.122,10.14,36.854,43.217,19.927,29.949,38.062,31.987,28.683,33.022,38.286,44.464,1.6,31.559,1.231,28.005,0.387,,,,
293,Newcastle_Southampton_2017,2018-03-10,A Marriner,9,12,30,30,2017,3,0,26.022,28.093,45.836,24.612,39.266,36.12,23.414,32.96,43.614,31.701,33.051,35.24,36.299,0.691,31.739,0.506,35.969,0.821,,,,
294,West Brom_Leicester_2017,2018-03-10,R Madley,7,27,30,30,2017,1,4,60.487,20.204,18.646,36.593,24.481,38.755,19.034,18.992,60.911,26.945,23.378,49.415,33.668,1.382,31.223,0.742,39.078,0.839,,,,
295,Man United_Liverpool_2017,2018-03-10,C Pawson,13,10,30,30,2017,2,1,22.334,47.342,30.324,30.376,32.201,37.412,31.535,26.382,42.0,67.071,18.462,13.62,37.139,1.005,30.144,0.618,36.513,0.858,,,,
296,Everton_Brighton_2017,2018-03-10,R East,8,18,30,30,2017,2,0,56.576,26.609,16.733,61.496,30.148,8.326,53.921,27.826,18.196,54.523,29.355,16.083,45.856,0.898,31.558,0.679,26.61,0.67,,,,
297,Bournemouth_Tottenham_2017,2018-03-11,M Dean,17,6,30,30,2017,1,4,25.105,24.147,50.554,15.57,15.967,65.889,32.745,24.1,42.954,15.896,19.349,64.003,15.937,0.682,22.53,0.879,65.612,0.783,,,,
298,Arsenal_Watford_2017,2018-03-11,M Atkinson,31,39,30,30,2017,3,0,88.335,10.888,0.0,81.327,12.315,4.661,71.256,14.711,11.491,63.168,17.867,17.502,67.917,1.328,21.806,1.541,14.598,1.014,,,,
299,Stoke_Man City_2017,2018-03-12,J Moss,22,3,30,30,2017,0,2,38.4,34.289,27.304,10.911,22.937,65.971,7.283,14.602,76.751,4.085,10.104,82.698,7.578,0.815,15.627,0.778,80.843,1.052,,,,
300,Bournemouth_West Brom_2017,2018-03-17,G Scott,17,7,31,31,2017,2,1,88.375,10.84,0.0,73.136,15.025,10.013,65.248,21.969,12.522,54.208,27.679,18.052,54.234,0.89,28.351,0.613,21.861,1.624,,,,
301,Liverpool_Watford_2017,2018-03-17,A Taylor,10,39,31,31,2017,5,0,90.619,7.825,0.0,88.456,4.273,0.627,79.664,13.153,5.595,73.539,16.646,8.907,84.142,0.863,13.732,1.288,6.6,0.663,,,,
302,Stoke_Everton_2017,2018-03-17,M Atkinson,22,8,31,31,2017,1,2,23.721,42.546,33.732,63.819,26.807,9.309,45.334,28.038,26.579,50.094,26.862,22.968,41.234,1.278,30.879,0.743,32.332,0.741,,,,
303,Huddersfield_Crystal Palace_2017,2018-03-17,M Dean,26,24,31,31,2017,0,2,42.162,24.978,32.719,30.181,25.257,44.433,27.976,29.838,42.159,42.758,31.764,25.463,35.02,1.239,31.98,0.781,37.363,0.663,,,,
304,Brighton_Leicester_2017,2018-03-31,C Kavanagh,18,27,31,31,2017,0,2,62.54,8.789,8.704,52.326,19.386,26.945,27.101,19.189,52.238,32.176,22.025,45.321,36.431,0.654,31.613,0.627,36.925,1.374,,,,
305,Man United_Swansea_2017,2018-03-31,R Madley,13,0,31,31,2017,2,0,74.122,18.536,6.93,76.473,16.227,6.56,79.463,14.465,5.106,81.538,14.294,3.426,81.13,1.312,16.037,1.057,7.703,1.192,,,,
306,West Brom_Burnley_2017,2018-03-31,L Probert,7,11,32,31,2017,1,2,2.149,5.838,83.455,15.209,27.172,57.551,12.088,27.805,60.051,17.756,28.072,54.117,38.648,0.871,32.938,1.025,33.289,1.412,,,,
307,Everton_Man City_2017,2018-03-31,P Tierney,8,3,32,31,2017,1,3,13.334,29.96,56.672,20.752,30.887,48.338,24.876,27.732,47.336,10.05,16.86,72.107,10.704,0.9,19.402,1.052,75.04,1.068,,,,
308,West Ham_Southampton_2017,2018-03-31,J Moss,5,12,31,31,2017,3,0,27.059,24.286,48.469,39.218,22.532,37.857,42.223,26.177,31.51,38.138,27.936,33.88,35.493,1.447,31.197,0.775,38.279,0.549,,,,
309,Newcastle_Huddersfield_2017,2018-03-31,M Atkinson,9,26,31,32,2017,1,0,73.987,21.601,4.258,59.195,33.644,7.146,48.744,30.856,20.376,54.689,29.018,16.251,56.873,0.75,28.582,0.859,19.529,1.421,,,,
310,Watford_Bournemouth_2017,2018-03-31,A Marriner,39,17,32,32,2017,2,2,71.602,19.257,8.728,60.798,19.83,18.614,43.161,23.941,32.683,39.575,25.047,35.242,43.511,0.55,29.61,0.925,31.982,1.12,,,,
311,Crystal Palace_Liverpool_2017,2018-03-31,N Swarbrick,24,10,32,32,2017,1,2,2.42,7.856,85.658,11.478,19.204,68.771,6.058,10.584,78.88,12.561,14.223,69.634,15.331,1.222,22.827,0.536,66.771,1.795,,,,
312,Chelsea_Tottenham_2017,2018-04-01,A Marriner,30,6,31,31,2017,1,3,10.138,13.81,73.133,24.72,29.548,45.701,56.97,26.059,16.876,37.27,27.764,34.917,42.65,0.969,30.203,0.78,32.108,0.679,,,,
313,Arsenal_Stoke_2017,2018-04-01,C Pawson,31,22,31,32,2017,3,0,55.732,24.804,19.319,81.297,8.342,4.077,80.219,7.761,4.022,80.184,7.369,3.762,76.604,1.238,17.932,1.023,10.2,1.085,,,,
314,West Brom_Swansea_2017,2018-04-07,R East,7,0,33,32,2017,1,1,46.552,29.982,23.437,34.107,26.27,39.538,48.197,26.816,24.911,40.632,31.094,28.257,41.939,1.059,31.478,0.797,31.051,2.124,,,,
315,Everton_Liverpool_2017,2018-04-07,M Oliver,8,10,33,33,2017,0,0,23.679,22.08,53.835,15.453,22.297,61.971,20.642,22.221,56.785,23.962,18.404,55.836,24.026,0.598,27.621,0.771,52.441,0.63,,,,
316,Brighton_Huddersfield_2017,2018-04-07,A Taylor,18,26,32,33,2017,1,1,57.152,24.802,17.905,74.333,17.569,7.521,54.697,24.104,21.012,59.05,24.029,16.748,54.1,0.488,29.283,1.029,20.783,1.359,,,,
317,Bournemouth_Crystal Palace_2017,2018-04-07,J Moss,17,24,33,33,2017,2,2,22.89,17.772,57.117,44.259,20.769,34.12,23.133,21.4,54.949,47.339,26.123,26.443,40.639,0.76,29.541,0.773,33.895,0.733,,,,
318,Watford_Burnley_2017,2018-04-07,P Tierney,39,11,33,32,2017,1,2,19.861,35.189,44.943,27.861,33.472,38.659,23.132,26.875,49.918,22.184,25.257,52.43,43.049,1.131,31.622,0.849,29.784,1.107,,,,
319,Man City_Man United_2017,2018-04-07,M Atkinson,3,13,32,32,2017,2,3,87.193,7.499,1.771,76.41,15.555,7.061,66.055,18.204,14.719,68.143,17.464,13.241,53.289,0.998,27.448,1.137,23.524,0.972,,,,
320,Leicester_Newcastle_2017,2018-04-07,S Attwell,27,9,32,32,2017,1,2,37.864,31.882,30.241,56.917,23.502,19.361,50.635,24.098,25.07,50.628,25.652,23.607,51.254,0.747,28.906,0.974,24.069,1.27,,,,
321,Stoke_Tottenham_2017,2018-04-07,G Scott,22,6,33,32,2017,1,2,0.785,3.727,85.64,6.533,20.462,72.761,10.112,17.428,71.634,8.462,14.64,75.258,9.966,1.247,18.794,0.709,75.197,0.872,,,,
322,Chelsea_West Ham_2017,2018-04-08,K Friend,30,5,32,32,2017,1,1,73.383,7.386,5.084,59.884,16.168,20.262,72.149,14.614,10.838,70.811,16.032,11.577,78.048,0.971,17.292,0.955,8.764,0.826,,,,
323,Arsenal_Southampton_2017,2018-04-08,A Marriner,31,12,32,32,2017,3,2,85.786,9.71,2.393,76.23,11.554,7.721,75.345,10.643,7.606,78.002,11.963,6.865,64.463,0.698,23.18,1.052,16.435,0.603,,,,
324,Liverpool_Bournemouth_2017,2018-04-14,C Kavanagh,10,17,34,34,2017,3,0,75.172,2.089,0.556,63.627,14.739,16.752,74.447,13.853,9.231,78.083,14.443,6.272,80.281,0.744,15.325,1.156,8.136,0.577,,,,
325,Southampton_Chelsea_2017,2018-04-14,M Dean,12,30,33,33,2017,2,3,21.844,45.053,33.103,17.203,28.589,54.161,14.727,21.855,63.11,12.62,20.734,66.268,22.504,1.023,27.703,0.888,53.896,0.741,,,,
326,Tottenham_Man City_2017,2018-04-14,J Moss,6,3,33,33,2017,1,3,27.072,72.928,0.0,53.062,25.815,21.016,44.134,29.425,26.41,28.791,29.549,41.631,37.987,1.084,28.474,1.024,37.748,1.209,,,,
327,Swansea_Everton_2017,2018-04-14,L Mason,0,8,33,34,2017,1,1,70.347,19.116,10.047,78.296,13.678,6.441,54.62,27.586,17.732,48.041,28.638,23.278,39.445,0.621,31.732,1.03,32.852,1.169,,,,
328,Crystal Palace_Brighton_2017,2018-04-14,A Marriner,24,18,34,33,2017,3,2,23.105,29.919,46.947,38.953,45.186,15.861,53.964,34.062,11.962,43.009,34.347,22.636,52.766,0.991,29.312,1.114,22.01,1.766,,,,
329,Huddersfield_Watford_2017,2018-04-14,C Pawson,26,39,34,34,2017,1,0,90.538,7.954,0.0,63.631,29.343,6.991,49.127,30.458,20.388,32.649,27.902,39.403,37.932,0.721,31.63,0.69,34.763,0.985,,,,
330,Burnley_Leicester_2017,2018-04-14,M Atkinson,11,27,33,33,2017,2,1,27.523,20.901,50.86,15.87,21.423,62.332,23.074,26.173,50.658,27.655,30.982,41.345,37.765,0.618,31.814,0.961,34.511,1.372,,,,
331,Newcastle_Arsenal_2017,2018-04-15,A Taylor,9,31,33,33,2017,2,1,85.077,14.55,0.0,61.556,28.879,9.524,33.404,34.152,32.438,38.941,31.641,29.405,30.914,0.923,28.184,0.698,44.966,0.624,,,,
332,Man United_West Brom_2017,2018-04-15,P Tierney,13,7,33,34,2017,0,1,84.352,12.403,2.291,84.939,12.576,1.689,74.357,20.598,4.845,83.798,13.158,2.261,84.152,1.31,13.841,1.002,5.733,0.649,,,,
333,West Ham_Stoke_2017,2018-04-16,M Oliver,5,22,33,34,2017,1,1,61.408,29.568,8.989,79.673,15.612,4.118,72.59,19.597,7.481,60.623,22.217,16.855,49.964,0.094,29.297,1.055,24.86,0.92,,,,
334,Brighton_Tottenham_2017,2018-04-17,K Friend,18,6,34,34,2017,1,1,2.403,6.118,82.935,7.842,11.415,75.858,9.804,13.775,73.621,12.468,17.487,68.991,15.837,0.636,23.556,0.727,64.64,0.576,,,,
335,Bournemouth_Man United_2017,2018-04-18,G Scott,17,13,35,34,2017,0,2,7.927,8.915,67.791,18.519,18.293,61.847,11.77,12.782,69.673,14.406,17.289,66.926,20.284,0.649,26.0,1.048,57.764,0.763,,,,
336,Leicester_Southampton_2017,2018-04-19,R East,27,12,34,34,2017,0,0,58.036,23.844,17.931,60.982,20.746,17.751,56.226,22.722,20.755,52.492,24.921,22.442,42.759,1.087,29.285,0.84,32.483,0.752,,,,
337,Burnley_Chelsea_2017,2018-04-19,R Madley,11,30,34,34,2017,1,2,45.373,24.817,29.658,24.452,22.022,53.103,21.219,27.545,51.173,18.849,29.78,51.338,23.5,1.875,29.134,0.732,52.42,1.213,,,,
338,Watford_Crystal Palace_2017,2018-04-21,C Kavanagh,39,24,35,35,2017,0,0,18.239,21.005,60.267,53.596,20.714,24.971,29.863,22.99,46.834,43.497,25.294,31.084,34.455,0.979,30.22,0.862,39.484,1.101,,,,
339,West Brom_Liverpool_2017,2018-04-21,S Attwell,7,10,35,35,2017,2,2,8.708,17.834,72.84,6.181,14.405,78.217,4.898,11.309,81.27,9.66,13.357,73.774,14.492,1.053,23.295,1.038,66.11,0.852,,,,
340,Stoke_Burnley_2017,2018-04-22,M Dean,22,11,35,35,2017,1,1,0.665,3.219,84.476,10.834,27.682,61.429,16.684,32.997,50.305,15.841,25.936,58.126,43.517,0.756,30.818,0.893,29.807,1.717,,,,
341,Man City_Swansea_2017,2018-04-22,C Pawson,3,0,34,34,2017,5,0,67.918,23.538,8.409,77.614,14.21,6.762,82.668,6.954,2.939,85.063,7.438,2.511,87.542,2.051,11.595,1.261,4.923,1.241,,,,
342,Arsenal_West Ham_2017,2018-04-22,L Mason,31,5,34,34,2017,4,1,67.509,1.932,0.664,68.789,9.878,8.961,59.933,14.127,18.299,74.356,9.286,6.798,64.659,1.332,22.51,1.213,16.996,1.071,,,,
343,Everton_Newcastle_2017,2018-04-23,R Madley,8,9,35,34,2017,1,0,31.059,29.169,39.742,43.08,27.463,29.4,48.932,26.044,24.925,48.661,24.77,26.414,43.496,0.933,30.875,0.939,30.103,1.483,,,,
344,Southampton_Bournemouth_2017,2018-04-28,A Taylor,12,17,35,36,2017,2,1,22.761,27.19,49.981,19.918,23.614,56.253,35.305,23.68,40.775,35.883,28.66,35.421,58.433,0.414,25.858,1.056,19.957,0.581,,,,
345,Liverpool_Stoke_2017,2018-04-28,A Marriner,10,22,36,36,2017,0,0,91.529,5.918,0.0,85.273,6.821,2.227,85.113,4.238,1.076,86.02,6.288,1.831,76.261,0.848,18.071,1.082,10.165,0.637,,,,
346,Crystal Palace_Leicester_2017,2018-04-28,M Dean,24,27,36,35,2017,5,0,4.773,6.698,70.42,26.435,21.961,51.151,24.448,19.862,54.693,24.28,20.667,54.338,48.557,0.855,28.999,1.133,26.637,0.601,,,,
347,Swansea_Chelsea_2017,2018-04-28,J Moss,0,30,35,35,2017,0,1,54.856,24.016,20.935,46.176,23.764,29.831,29.01,27.227,43.701,13.26,20.886,65.476,14.279,0.929,23.719,1.026,65.923,0.853,,,,
348,Burnley_Brighton_2017,2018-04-28,R East,11,18,36,35,2017,0,0,59.759,20.339,19.249,44.332,32.524,23.131,49.678,35.51,14.804,41.308,40.639,18.052,45.398,1.314,31.836,0.814,27.033,0.725,,,,
349,Huddersfield_Everton_2017,2018-04-28,L Probert,26,8,35,36,2017,0,2,12.694,43.46,43.845,41.886,26.065,31.956,37.61,30.681,31.691,44.066,30.048,25.861,38.535,0.67,32.719,0.575,33.0,1.037,,,,
350,Newcastle_West Brom_2017,2018-04-28,D Coote,9,7,35,36,2017,0,1,65.671,28.969,5.324,71.117,23.809,4.973,55.21,33.42,11.355,49.598,35.17,15.223,53.796,1.436,28.747,0.895,21.686,0.839,,,,
351,Man United_Arsenal_2017,2018-04-29,K Friend,13,31,35,35,2017,2,1,63.576,26.738,9.619,76.879,17.163,5.467,54.4,28.846,16.71,77.208,16.181,5.928,69.546,1.62,21.991,1.191,13.014,1.186,,,,
352,West Ham_Man City_2017,2018-04-29,N Swarbrick,5,3,35,35,2017,1,4,4.487,10.379,81.972,15.346,19.523,64.451,12.381,21.4,65.914,5.96,13.065,79.212,10.261,1.484,18.855,1.277,74.98,1.691,,,,
353,Tottenham_Watford_2017,2018-04-30,M Oliver,6,39,35,36,2017,2,0,90.735,7.633,0.0,89.954,8.816,0.0,89.609,6.286,0.754,73.925,16.532,8.636,86.32,0.801,12.675,1.184,5.235,0.776,,,,
354,Brighton_Man United_2017,2018-05-04,C Pawson,18,13,36,36,2017,1,0,5.058,11.316,81.005,32.419,24.862,42.57,17.779,21.236,60.544,15.122,20.166,64.172,21.647,0.864,28.129,0.415,54.232,0.797,,,,
355,Watford_Newcastle_2017,2018-05-05,R East,39,9,37,36,2017,2,1,35.538,34.584,29.872,56.222,25.942,17.736,42.027,25.108,32.731,37.692,24.984,37.184,42.412,0.806,30.344,0.716,31.446,0.701,,,,
356,Leicester_West Ham_2017,2018-05-05,C Kavanagh,27,5,36,36,2017,0,2,47.22,28.176,24.555,51.984,23.879,23.926,44.445,23.308,31.969,55.31,21.892,22.378,44.656,0.819,29.481,0.819,29.972,0.819,,,,
357,Stoke_Crystal Palace_2017,2018-05-05,M Atkinson,22,24,37,37,2017,1,2,7.519,19.133,72.972,14.791,28.244,56.914,19.263,25.752,54.878,34.738,30.223,35.019,37.79,1.236,30.069,0.677,36.173,0.818,,,,
358,Bournemouth_Swansea_2017,2018-05-05,K Friend,17,0,37,36,2017,1,0,78.29,14.765,5.921,62.705,21.044,15.827,60.346,19.259,19.411,53.311,25.554,21.018,47.327,1.793,28.57,0.844,28.403,2.0,,,,
359,Everton_Southampton_2017,2018-05-05,J Moss,8,12,37,36,2017,1,1,40.55,36.568,22.878,63.255,22.189,14.285,58.039,24.556,17.256,55.83,24.302,19.697,34.776,0.897,30.741,0.957,38.519,0.82,,,,
360,West Brom_Tottenham_2017,2018-05-05,M Jones,7,6,37,36,2017,1,0,8.357,13.014,75.739,2.498,5.085,76.836,7.919,12.93,76.408,8.707,14.665,74.935,12.564,0.56,21.003,1.167,70.537,1.909,,,,
361,Chelsea_Liverpool_2017,2018-05-06,A Taylor,30,10,36,37,2017,1,0,16.526,21.724,61.398,10.442,20.15,69.031,29.592,26.033,44.278,37.758,23.27,38.687,44.917,0.944,28.534,1.042,30.642,0.876,,,,
362,Arsenal_Burnley_2017,2018-05-06,A Marriner,31,11,36,37,2017,5,0,53.734,20.543,24.953,37.588,24.111,38.101,41.577,26.042,32.287,51.435,24.385,24.004,64.712,1.141,23.998,1.231,15.591,0.889,,,,
363,Man City_Huddersfield_2017,2018-05-06,M Dean,3,26,36,36,2017,0,0,82.616,13.138,3.27,85.437,9.06,2.65,83.465,8.424,3.387,82.255,3.765,1.114,92.015,1.797,8.812,1.608,3.768,0.636,,,,
364,Swansea_Southampton_2017,2018-05-08,M Oliver,0,12,37,37,2017,0,1,52.081,26.392,21.438,73.149,19.58,6.954,48.609,25.748,25.533,36.526,31.155,32.304,32.809,0.521,31.108,0.635,40.085,0.879,,,,
365,Leicester_Arsenal_2017,2018-05-09,G Scott,27,31,37,37,2017,3,1,14.801,32.612,52.57,32.244,34.309,33.441,37.775,29.551,32.648,42.328,27.523,30.093,27.58,0.818,26.386,0.58,50.331,0.656,,,,
366,Man City_Brighton_2017,2018-05-09,P Tierney,3,18,37,37,2017,3,1,79.768,12.666,5.671,81.769,12.691,4.184,87.514,8.119,1.651,85.091,10.061,2.743,88.947,0.422,10.59,0.844,4.481,0.471,,,,
367,Chelsea_Huddersfield_2017,2018-05-09,L Mason,30,26,37,37,2017,1,1,27.374,51.43,21.195,43.423,35.066,21.504,58.785,27.036,14.11,72.106,19.837,7.737,84.858,0.966,13.419,1.2,5.678,0.665,,,,
368,Tottenham_Newcastle_2017,2018-05-09,N Swarbrick,6,9,37,37,2017,1,0,52.958,25.994,20.947,71.648,20.124,7.925,74.794,15.718,8.359,71.667,18.264,9.474,84.851,0.496,12.934,0.807,6.174,0.517,,,,
369,West Ham_Man United_2017,2018-05-10,J Moss,5,13,37,37,2017,0,0,17.563,18.872,62.558,24.157,23.94,51.696,19.278,23.349,57.142,14.38,19.812,65.233,22.035,0.869,26.716,0.772,55.425,0.344,,,,
370,Swansea_Stoke_2017,2018-05-13,A Taylor,0,22,38,38,2017,1,2,19.889,61.007,19.104,54.073,33.416,12.497,56.094,31.225,12.657,46.411,30.224,23.338,52.961,0.832,27.088,0.79,24.121,0.686,,,,
371,West Ham_Everton_2017,2018-05-13,G Scott,5,8,38,38,2017,3,1,3.279,12.596,82.989,32.815,26.18,40.916,42.446,27.378,30.117,46.199,27.009,26.722,41.905,0.827,29.295,0.791,32.932,0.915,,,,
372,Newcastle_Chelsea_2017,2018-05-13,M Atkinson,9,30,38,38,2017,3,0,21.392,31.363,47.225,56.267,27.709,15.965,29.041,35.011,35.943,17.935,26.972,55.019,17.143,2.467,24.478,0.754,62.498,1.969,,,,
373,Liverpool_Brighton_2017,2018-05-13,K Friend,10,18,38,38,2017,4,0,90.163,2.849,0.0,84.66,9.941,3.016,85.914,9.445,2.364,79.769,15.829,3.86,84.77,1.552,13.368,1.1,6.228,0.809,,,,
374,Burnley_Bournemouth_2017,2018-05-13,P Tierney,11,17,38,38,2017,1,2,53.614,25.548,20.722,43.299,25.792,30.805,36.367,28.568,35.028,39.03,35.265,25.699,46.067,0.898,29.362,1.12,28.899,1.23,,,,
375,Man United_Watford_2017,2018-05-13,L Mason,13,39,38,38,2017,1,0,89.547,9.369,0.0,88.747,10.388,0.0,85.093,12.991,1.258,80.658,13.561,4.631,74.101,3.067,18.766,1.318,11.516,1.241,,,,
376,Crystal Palace_West Brom_2017,2018-05-13,J Moss,24,7,38,38,2017,2,0,41.264,26.96,31.709,65.75,21.292,12.638,60.582,24.348,14.922,52.038,28.049,19.859,56.569,1.303,26.624,1.343,21.285,1.098,,,,
377,Huddersfield_Arsenal_2017,2018-05-13,M Oliver,26,31,38,38,2017,0,1,16.585,32.095,51.301,38.576,29.741,31.658,25.365,27.616,46.961,30.202,28.806,40.956,17.964,1.271,23.408,0.885,62.854,1.126,,,,
378,Tottenham_Leicester_2017,2018-05-13,C Pawson,6,27,38,38,2017,5,4,64.836,20.042,14.581,73.812,16.249,8.909,75.884,13.934,8.182,68.937,17.69,12.397,76.179,0.927,17.327,0.66,10.725,0.287,,,,
379,Southampton_Man City_2017,2018-05-13,A Marriner,12,3,38,38,2017,0,1,4.517,7.889,78.554,2.509,7.765,85.356,3.043,8.017,84.046,4.135,10.278,82.622,12.941,1.198,21.044,1.229,70.579,1.099,,,,
